<?xml version="1.0" encoding="UTF-8"?>
<root>
  <item name="com.example.androidtvlibrary.main.adapter.player.AspectRatioFrameLayout int getResizeMode()">
    <annotation name="androidx.annotation.IntDef">
      <val name="value" val="{com.example.androidtvlibrary.main.adapter.player.AspectRatioFrameLayout.RESIZE_MODE_FIT, com.example.androidtvlibrary.main.adapter.player.AspectRatioFrameLayout.RESIZE_MODE_FIXED_WIDTH, com.example.androidtvlibrary.main.adapter.player.AspectRatioFrameLayout.RESIZE_MODE_FIXED_HEIGHT, com.example.androidtvlibrary.main.adapter.player.AspectRatioFrameLayout.RESIZE_MODE_FILL, com.example.androidtvlibrary.main.adapter.player.AspectRatioFrameLayout.RESIZE_MODE_ZOOM}" />
    </annotation>
  </item>
  <item name="com.example.androidtvlibrary.main.adapter.player.AspectRatioFrameLayout resizeMode">
    <annotation name="androidx.annotation.IntDef">
      <val name="value" val="{com.example.androidtvlibrary.main.adapter.player.AspectRatioFrameLayout.RESIZE_MODE_FIT, com.example.androidtvlibrary.main.adapter.player.AspectRatioFrameLayout.RESIZE_MODE_FIXED_WIDTH, com.example.androidtvlibrary.main.adapter.player.AspectRatioFrameLayout.RESIZE_MODE_FIXED_HEIGHT, com.example.androidtvlibrary.main.adapter.player.AspectRatioFrameLayout.RESIZE_MODE_FILL, com.example.androidtvlibrary.main.adapter.player.AspectRatioFrameLayout.RESIZE_MODE_ZOOM}" />
    </annotation>
  </item>
  <item name="com.example.androidtvlibrary.main.adapter.player.AspectRatioFrameLayout void setResizeMode(int) 0">
    <annotation name="androidx.annotation.IntDef">
      <val name="value" val="{com.example.androidtvlibrary.main.adapter.player.AspectRatioFrameLayout.RESIZE_MODE_FIT, com.example.androidtvlibrary.main.adapter.player.AspectRatioFrameLayout.RESIZE_MODE_FIXED_WIDTH, com.example.androidtvlibrary.main.adapter.player.AspectRatioFrameLayout.RESIZE_MODE_FIXED_HEIGHT, com.example.androidtvlibrary.main.adapter.player.AspectRatioFrameLayout.RESIZE_MODE_FILL, com.example.androidtvlibrary.main.adapter.player.AspectRatioFrameLayout.RESIZE_MODE_ZOOM}" />
    </annotation>
  </item>
  <item name="com.example.androidtvlibrary.main.adapter.player.AspectRatioFrameLayout.ResizeMode">
    <annotation name="androidx.annotation.IntDef">
      <val name="value" val="{com.example.androidtvlibrary.main.adapter.player.AspectRatioFrameLayout.RESIZE_MODE_FIT, com.example.androidtvlibrary.main.adapter.player.AspectRatioFrameLayout.RESIZE_MODE_FIXED_WIDTH, com.example.androidtvlibrary.main.adapter.player.AspectRatioFrameLayout.RESIZE_MODE_FIXED_HEIGHT, com.example.androidtvlibrary.main.adapter.player.AspectRatioFrameLayout.RESIZE_MODE_FILL, com.example.androidtvlibrary.main.adapter.player.AspectRatioFrameLayout.RESIZE_MODE_ZOOM}" />
    </annotation>
  </item>
  <item name="com.example.androidtvlibrary.main.adapter.player.AudioAttributes AudioAttributes(int, int, int, int) 0">
    <annotation name="androidx.annotation.IntDef">
      <val name="value" val="{com.example.androidtvlibrary.main.adapter.C.CONTENT_TYPE_MOVIE, com.example.androidtvlibrary.main.adapter.C.CONTENT_TYPE_MUSIC, com.example.androidtvlibrary.main.adapter.C.CONTENT_TYPE_SONIFICATION, com.example.androidtvlibrary.main.adapter.C.CONTENT_TYPE_SPEECH, com.example.androidtvlibrary.main.adapter.C.CONTENT_TYPE_UNKNOWN}" />
    </annotation>
  </item>
  <item name="com.example.androidtvlibrary.main.adapter.player.AudioAttributes AudioAttributes(int, int, int, int) 1">
    <annotation name="androidx.annotation.IntDef">
      <val name="flag" val="true" />
      <val name="value" val="{com.example.androidtvlibrary.main.adapter.C.FLAG_AUDIBILITY_ENFORCED}" />
    </annotation>
  </item>
  <item name="com.example.androidtvlibrary.main.adapter.player.AudioAttributes AudioAttributes(int, int, int, int) 2">
    <annotation name="androidx.annotation.IntDef">
      <val name="value" val="{com.example.androidtvlibrary.main.adapter.C.USAGE_ALARM, com.example.androidtvlibrary.main.adapter.C.USAGE_ASSISTANCE_ACCESSIBILITY, com.example.androidtvlibrary.main.adapter.C.USAGE_ASSISTANCE_NAVIGATION_GUIDANCE, com.example.androidtvlibrary.main.adapter.C.USAGE_ASSISTANCE_SONIFICATION, com.example.androidtvlibrary.main.adapter.C.USAGE_ASSISTANT, com.example.androidtvlibrary.main.adapter.C.USAGE_GAME, com.example.androidtvlibrary.main.adapter.C.USAGE_MEDIA, com.example.androidtvlibrary.main.adapter.C.USAGE_NOTIFICATION, com.example.androidtvlibrary.main.adapter.C.USAGE_NOTIFICATION_COMMUNICATION_DELAYED, com.example.androidtvlibrary.main.adapter.C.USAGE_NOTIFICATION_COMMUNICATION_INSTANT, com.example.androidtvlibrary.main.adapter.C.USAGE_NOTIFICATION_COMMUNICATION_REQUEST, com.example.androidtvlibrary.main.adapter.C.USAGE_NOTIFICATION_EVENT, com.example.androidtvlibrary.main.adapter.C.USAGE_NOTIFICATION_RINGTONE, com.example.androidtvlibrary.main.adapter.C.USAGE_UNKNOWN, com.example.androidtvlibrary.main.adapter.C.USAGE_VOICE_COMMUNICATION, com.example.androidtvlibrary.main.adapter.C.USAGE_VOICE_COMMUNICATION_SIGNALLING}" />
    </annotation>
  </item>
  <item name="com.example.androidtvlibrary.main.adapter.player.AudioAttributes AudioAttributes(int, int, int, int) 3">
    <annotation name="androidx.annotation.IntDef">
      <val name="value" val="{com.example.androidtvlibrary.main.adapter.C.ALLOW_CAPTURE_BY_ALL, com.example.androidtvlibrary.main.adapter.C.ALLOW_CAPTURE_BY_NONE, com.example.androidtvlibrary.main.adapter.C.ALLOW_CAPTURE_BY_SYSTEM}" />
    </annotation>
  </item>
  <item name="com.example.androidtvlibrary.main.adapter.player.AudioAttributes allowedCapturePolicy">
    <annotation name="androidx.annotation.IntDef">
      <val name="value" val="{com.example.androidtvlibrary.main.adapter.C.ALLOW_CAPTURE_BY_ALL, com.example.androidtvlibrary.main.adapter.C.ALLOW_CAPTURE_BY_NONE, com.example.androidtvlibrary.main.adapter.C.ALLOW_CAPTURE_BY_SYSTEM}" />
    </annotation>
  </item>
  <item name="com.example.androidtvlibrary.main.adapter.player.AudioAttributes contentType">
    <annotation name="androidx.annotation.IntDef">
      <val name="value" val="{com.example.androidtvlibrary.main.adapter.C.CONTENT_TYPE_MOVIE, com.example.androidtvlibrary.main.adapter.C.CONTENT_TYPE_MUSIC, com.example.androidtvlibrary.main.adapter.C.CONTENT_TYPE_SONIFICATION, com.example.androidtvlibrary.main.adapter.C.CONTENT_TYPE_SPEECH, com.example.androidtvlibrary.main.adapter.C.CONTENT_TYPE_UNKNOWN}" />
    </annotation>
  </item>
  <item name="com.example.androidtvlibrary.main.adapter.player.AudioAttributes flags">
    <annotation name="androidx.annotation.IntDef">
      <val name="flag" val="true" />
      <val name="value" val="{com.example.androidtvlibrary.main.adapter.C.FLAG_AUDIBILITY_ENFORCED}" />
    </annotation>
  </item>
  <item name="com.example.androidtvlibrary.main.adapter.player.AudioAttributes usage">
    <annotation name="androidx.annotation.IntDef">
      <val name="value" val="{com.example.androidtvlibrary.main.adapter.C.USAGE_ALARM, com.example.androidtvlibrary.main.adapter.C.USAGE_ASSISTANCE_ACCESSIBILITY, com.example.androidtvlibrary.main.adapter.C.USAGE_ASSISTANCE_NAVIGATION_GUIDANCE, com.example.androidtvlibrary.main.adapter.C.USAGE_ASSISTANCE_SONIFICATION, com.example.androidtvlibrary.main.adapter.C.USAGE_ASSISTANT, com.example.androidtvlibrary.main.adapter.C.USAGE_GAME, com.example.androidtvlibrary.main.adapter.C.USAGE_MEDIA, com.example.androidtvlibrary.main.adapter.C.USAGE_NOTIFICATION, com.example.androidtvlibrary.main.adapter.C.USAGE_NOTIFICATION_COMMUNICATION_DELAYED, com.example.androidtvlibrary.main.adapter.C.USAGE_NOTIFICATION_COMMUNICATION_INSTANT, com.example.androidtvlibrary.main.adapter.C.USAGE_NOTIFICATION_COMMUNICATION_REQUEST, com.example.androidtvlibrary.main.adapter.C.USAGE_NOTIFICATION_EVENT, com.example.androidtvlibrary.main.adapter.C.USAGE_NOTIFICATION_RINGTONE, com.example.androidtvlibrary.main.adapter.C.USAGE_UNKNOWN, com.example.androidtvlibrary.main.adapter.C.USAGE_VOICE_COMMUNICATION, com.example.androidtvlibrary.main.adapter.C.USAGE_VOICE_COMMUNICATION_SIGNALLING}" />
    </annotation>
  </item>
  <item name="com.example.androidtvlibrary.main.adapter.player.AudioAttributes.Builder allowedCapturePolicy">
    <annotation name="androidx.annotation.IntDef">
      <val name="value" val="{com.example.androidtvlibrary.main.adapter.C.ALLOW_CAPTURE_BY_ALL, com.example.androidtvlibrary.main.adapter.C.ALLOW_CAPTURE_BY_NONE, com.example.androidtvlibrary.main.adapter.C.ALLOW_CAPTURE_BY_SYSTEM}" />
    </annotation>
  </item>
  <item name="com.example.androidtvlibrary.main.adapter.player.AudioAttributes.Builder com.example.androidtvlibrary.main.adapter.player.AudioAttributes.Builder setAllowedCapturePolicy(int) 0">
    <annotation name="androidx.annotation.IntDef">
      <val name="value" val="{com.example.androidtvlibrary.main.adapter.C.ALLOW_CAPTURE_BY_ALL, com.example.androidtvlibrary.main.adapter.C.ALLOW_CAPTURE_BY_NONE, com.example.androidtvlibrary.main.adapter.C.ALLOW_CAPTURE_BY_SYSTEM}" />
    </annotation>
  </item>
  <item name="com.example.androidtvlibrary.main.adapter.player.AudioAttributes.Builder com.example.androidtvlibrary.main.adapter.player.AudioAttributes.Builder setContentType(int) 0">
    <annotation name="androidx.annotation.IntDef">
      <val name="value" val="{com.example.androidtvlibrary.main.adapter.C.CONTENT_TYPE_MOVIE, com.example.androidtvlibrary.main.adapter.C.CONTENT_TYPE_MUSIC, com.example.androidtvlibrary.main.adapter.C.CONTENT_TYPE_SONIFICATION, com.example.androidtvlibrary.main.adapter.C.CONTENT_TYPE_SPEECH, com.example.androidtvlibrary.main.adapter.C.CONTENT_TYPE_UNKNOWN}" />
    </annotation>
  </item>
  <item name="com.example.androidtvlibrary.main.adapter.player.AudioAttributes.Builder com.example.androidtvlibrary.main.adapter.player.AudioAttributes.Builder setFlags(int) 0">
    <annotation name="androidx.annotation.IntDef">
      <val name="flag" val="true" />
      <val name="value" val="{com.example.androidtvlibrary.main.adapter.C.FLAG_AUDIBILITY_ENFORCED}" />
    </annotation>
  </item>
  <item name="com.example.androidtvlibrary.main.adapter.player.AudioAttributes.Builder com.example.androidtvlibrary.main.adapter.player.AudioAttributes.Builder setUsage(int) 0">
    <annotation name="androidx.annotation.IntDef">
      <val name="value" val="{com.example.androidtvlibrary.main.adapter.C.USAGE_ALARM, com.example.androidtvlibrary.main.adapter.C.USAGE_ASSISTANCE_ACCESSIBILITY, com.example.androidtvlibrary.main.adapter.C.USAGE_ASSISTANCE_NAVIGATION_GUIDANCE, com.example.androidtvlibrary.main.adapter.C.USAGE_ASSISTANCE_SONIFICATION, com.example.androidtvlibrary.main.adapter.C.USAGE_ASSISTANT, com.example.androidtvlibrary.main.adapter.C.USAGE_GAME, com.example.androidtvlibrary.main.adapter.C.USAGE_MEDIA, com.example.androidtvlibrary.main.adapter.C.USAGE_NOTIFICATION, com.example.androidtvlibrary.main.adapter.C.USAGE_NOTIFICATION_COMMUNICATION_DELAYED, com.example.androidtvlibrary.main.adapter.C.USAGE_NOTIFICATION_COMMUNICATION_INSTANT, com.example.androidtvlibrary.main.adapter.C.USAGE_NOTIFICATION_COMMUNICATION_REQUEST, com.example.androidtvlibrary.main.adapter.C.USAGE_NOTIFICATION_EVENT, com.example.androidtvlibrary.main.adapter.C.USAGE_NOTIFICATION_RINGTONE, com.example.androidtvlibrary.main.adapter.C.USAGE_UNKNOWN, com.example.androidtvlibrary.main.adapter.C.USAGE_VOICE_COMMUNICATION, com.example.androidtvlibrary.main.adapter.C.USAGE_VOICE_COMMUNICATION_SIGNALLING}" />
    </annotation>
  </item>
  <item name="com.example.androidtvlibrary.main.adapter.player.AudioAttributes.Builder contentType">
    <annotation name="androidx.annotation.IntDef">
      <val name="value" val="{com.example.androidtvlibrary.main.adapter.C.CONTENT_TYPE_MOVIE, com.example.androidtvlibrary.main.adapter.C.CONTENT_TYPE_MUSIC, com.example.androidtvlibrary.main.adapter.C.CONTENT_TYPE_SONIFICATION, com.example.androidtvlibrary.main.adapter.C.CONTENT_TYPE_SPEECH, com.example.androidtvlibrary.main.adapter.C.CONTENT_TYPE_UNKNOWN}" />
    </annotation>
  </item>
  <item name="com.example.androidtvlibrary.main.adapter.player.AudioAttributes.Builder flags">
    <annotation name="androidx.annotation.IntDef">
      <val name="flag" val="true" />
      <val name="value" val="{com.example.androidtvlibrary.main.adapter.C.FLAG_AUDIBILITY_ENFORCED}" />
    </annotation>
  </item>
  <item name="com.example.androidtvlibrary.main.adapter.player.AudioAttributes.Builder usage">
    <annotation name="androidx.annotation.IntDef">
      <val name="value" val="{com.example.androidtvlibrary.main.adapter.C.USAGE_ALARM, com.example.androidtvlibrary.main.adapter.C.USAGE_ASSISTANCE_ACCESSIBILITY, com.example.androidtvlibrary.main.adapter.C.USAGE_ASSISTANCE_NAVIGATION_GUIDANCE, com.example.androidtvlibrary.main.adapter.C.USAGE_ASSISTANCE_SONIFICATION, com.example.androidtvlibrary.main.adapter.C.USAGE_ASSISTANT, com.example.androidtvlibrary.main.adapter.C.USAGE_GAME, com.example.androidtvlibrary.main.adapter.C.USAGE_MEDIA, com.example.androidtvlibrary.main.adapter.C.USAGE_NOTIFICATION, com.example.androidtvlibrary.main.adapter.C.USAGE_NOTIFICATION_COMMUNICATION_DELAYED, com.example.androidtvlibrary.main.adapter.C.USAGE_NOTIFICATION_COMMUNICATION_INSTANT, com.example.androidtvlibrary.main.adapter.C.USAGE_NOTIFICATION_COMMUNICATION_REQUEST, com.example.androidtvlibrary.main.adapter.C.USAGE_NOTIFICATION_EVENT, com.example.androidtvlibrary.main.adapter.C.USAGE_NOTIFICATION_RINGTONE, com.example.androidtvlibrary.main.adapter.C.USAGE_UNKNOWN, com.example.androidtvlibrary.main.adapter.C.USAGE_VOICE_COMMUNICATION, com.example.androidtvlibrary.main.adapter.C.USAGE_VOICE_COMMUNICATION_SIGNALLING}" />
    </annotation>
  </item>
  <item name="com.example.androidtvlibrary.main.adapter.player.AudioProcessor.AudioFormat AudioFormat(int, int, int) 2">
    <annotation name="androidx.annotation.IntDef">
      <val name="value" val="{com.example.androidtvlibrary.main.adapter.Format.NO_VALUE, com.example.androidtvlibrary.main.adapter.C.ENCODING_INVALID, com.example.androidtvlibrary.main.adapter.C.ENCODING_PCM_8BIT, com.example.androidtvlibrary.main.adapter.C.ENCODING_PCM_16BIT, com.example.androidtvlibrary.main.adapter.C.ENCODING_PCM_16BIT_BIG_ENDIAN, com.example.androidtvlibrary.main.adapter.C.ENCODING_PCM_24BIT, com.example.androidtvlibrary.main.adapter.C.ENCODING_PCM_32BIT, com.example.androidtvlibrary.main.adapter.C.ENCODING_PCM_FLOAT}" />
    </annotation>
  </item>
  <item name="com.example.androidtvlibrary.main.adapter.player.AudioProcessor.AudioFormat encoding">
    <annotation name="androidx.annotation.IntDef">
      <val name="value" val="{com.example.androidtvlibrary.main.adapter.Format.NO_VALUE, com.example.androidtvlibrary.main.adapter.C.ENCODING_INVALID, com.example.androidtvlibrary.main.adapter.C.ENCODING_PCM_8BIT, com.example.androidtvlibrary.main.adapter.C.ENCODING_PCM_16BIT, com.example.androidtvlibrary.main.adapter.C.ENCODING_PCM_16BIT_BIG_ENDIAN, com.example.androidtvlibrary.main.adapter.C.ENCODING_PCM_24BIT, com.example.androidtvlibrary.main.adapter.C.ENCODING_PCM_32BIT, com.example.androidtvlibrary.main.adapter.C.ENCODING_PCM_FLOAT}" />
    </annotation>
  </item>
  <item name="com.example.androidtvlibrary.main.adapter.player.AudioSink boolean supportsOutput(int, int) 1">
    <annotation name="androidx.annotation.IntDef">
      <val name="value" val="{com.example.androidtvlibrary.main.adapter.Format.NO_VALUE, com.example.androidtvlibrary.main.adapter.C.ENCODING_INVALID, com.example.androidtvlibrary.main.adapter.C.ENCODING_PCM_8BIT, com.example.androidtvlibrary.main.adapter.C.ENCODING_PCM_16BIT, com.example.androidtvlibrary.main.adapter.C.ENCODING_PCM_16BIT_BIG_ENDIAN, com.example.androidtvlibrary.main.adapter.C.ENCODING_PCM_24BIT, com.example.androidtvlibrary.main.adapter.C.ENCODING_PCM_32BIT, com.example.androidtvlibrary.main.adapter.C.ENCODING_PCM_FLOAT, com.example.androidtvlibrary.main.adapter.C.ENCODING_MP3, com.example.androidtvlibrary.main.adapter.C.ENCODING_AC3, com.example.androidtvlibrary.main.adapter.C.ENCODING_E_AC3, com.example.androidtvlibrary.main.adapter.C.ENCODING_E_AC3_JOC, com.example.androidtvlibrary.main.adapter.C.ENCODING_AC4, com.example.androidtvlibrary.main.adapter.C.ENCODING_DTS, com.example.androidtvlibrary.main.adapter.C.ENCODING_DTS_HD, com.example.androidtvlibrary.main.adapter.C.ENCODING_DOLBY_TRUEHD}" />
    </annotation>
  </item>
  <item name="com.example.androidtvlibrary.main.adapter.player.AudioSink void configure(int, int, int, int, int[], int, int) 0">
    <annotation name="androidx.annotation.IntDef">
      <val name="value" val="{com.example.androidtvlibrary.main.adapter.Format.NO_VALUE, com.example.androidtvlibrary.main.adapter.C.ENCODING_INVALID, com.example.androidtvlibrary.main.adapter.C.ENCODING_PCM_8BIT, com.example.androidtvlibrary.main.adapter.C.ENCODING_PCM_16BIT, com.example.androidtvlibrary.main.adapter.C.ENCODING_PCM_16BIT_BIG_ENDIAN, com.example.androidtvlibrary.main.adapter.C.ENCODING_PCM_24BIT, com.example.androidtvlibrary.main.adapter.C.ENCODING_PCM_32BIT, com.example.androidtvlibrary.main.adapter.C.ENCODING_PCM_FLOAT, com.example.androidtvlibrary.main.adapter.C.ENCODING_MP3, com.example.androidtvlibrary.main.adapter.C.ENCODING_AC3, com.example.androidtvlibrary.main.adapter.C.ENCODING_E_AC3, com.example.androidtvlibrary.main.adapter.C.ENCODING_E_AC3_JOC, com.example.androidtvlibrary.main.adapter.C.ENCODING_AC4, com.example.androidtvlibrary.main.adapter.C.ENCODING_DTS, com.example.androidtvlibrary.main.adapter.C.ENCODING_DTS_HD, com.example.androidtvlibrary.main.adapter.C.ENCODING_DOLBY_TRUEHD}" />
    </annotation>
  </item>
  <item name="com.example.androidtvlibrary.main.adapter.player.AudioTimestampPoller state">
    <annotation name="androidx.annotation.IntDef">
      <val name="value" val="{com.example.androidtvlibrary.main.adapter.player.AudioTimestampPoller.STATE_INITIALIZING, com.example.androidtvlibrary.main.adapter.player.AudioTimestampPoller.STATE_TIMESTAMP, com.example.androidtvlibrary.main.adapter.player.AudioTimestampPoller.STATE_TIMESTAMP_ADVANCING, com.example.androidtvlibrary.main.adapter.player.AudioTimestampPoller.STATE_NO_TIMESTAMP, com.example.androidtvlibrary.main.adapter.player.AudioTimestampPoller.STATE_ERROR}" />
    </annotation>
  </item>
  <item name="com.example.androidtvlibrary.main.adapter.player.AudioTimestampPoller void updateState(int) 0">
    <annotation name="androidx.annotation.IntDef">
      <val name="value" val="{com.example.androidtvlibrary.main.adapter.player.AudioTimestampPoller.STATE_INITIALIZING, com.example.androidtvlibrary.main.adapter.player.AudioTimestampPoller.STATE_TIMESTAMP, com.example.androidtvlibrary.main.adapter.player.AudioTimestampPoller.STATE_TIMESTAMP_ADVANCING, com.example.androidtvlibrary.main.adapter.player.AudioTimestampPoller.STATE_NO_TIMESTAMP, com.example.androidtvlibrary.main.adapter.player.AudioTimestampPoller.STATE_ERROR}" />
    </annotation>
  </item>
  <item name="com.example.androidtvlibrary.main.adapter.player.AudioTrackPositionTracker boolean needsPassthroughWorkarounds(int) 0">
    <annotation name="androidx.annotation.IntDef">
      <val name="value" val="{com.example.androidtvlibrary.main.adapter.Format.NO_VALUE, com.example.androidtvlibrary.main.adapter.C.ENCODING_INVALID, com.example.androidtvlibrary.main.adapter.C.ENCODING_PCM_8BIT, com.example.androidtvlibrary.main.adapter.C.ENCODING_PCM_16BIT, com.example.androidtvlibrary.main.adapter.C.ENCODING_PCM_16BIT_BIG_ENDIAN, com.example.androidtvlibrary.main.adapter.C.ENCODING_PCM_24BIT, com.example.androidtvlibrary.main.adapter.C.ENCODING_PCM_32BIT, com.example.androidtvlibrary.main.adapter.C.ENCODING_PCM_FLOAT, com.example.androidtvlibrary.main.adapter.C.ENCODING_MP3, com.example.androidtvlibrary.main.adapter.C.ENCODING_AC3, com.example.androidtvlibrary.main.adapter.C.ENCODING_E_AC3, com.example.androidtvlibrary.main.adapter.C.ENCODING_E_AC3_JOC, com.example.androidtvlibrary.main.adapter.C.ENCODING_AC4, com.example.androidtvlibrary.main.adapter.C.ENCODING_DTS, com.example.androidtvlibrary.main.adapter.C.ENCODING_DTS_HD, com.example.androidtvlibrary.main.adapter.C.ENCODING_DOLBY_TRUEHD}" />
    </annotation>
  </item>
  <item name="com.example.androidtvlibrary.main.adapter.player.AudioTrackPositionTracker void setAudioTrack(android.media.AudioTrack, int, int, int) 1">
    <annotation name="androidx.annotation.IntDef">
      <val name="value" val="{com.example.androidtvlibrary.main.adapter.Format.NO_VALUE, com.example.androidtvlibrary.main.adapter.C.ENCODING_INVALID, com.example.androidtvlibrary.main.adapter.C.ENCODING_PCM_8BIT, com.example.androidtvlibrary.main.adapter.C.ENCODING_PCM_16BIT, com.example.androidtvlibrary.main.adapter.C.ENCODING_PCM_16BIT_BIG_ENDIAN, com.example.androidtvlibrary.main.adapter.C.ENCODING_PCM_24BIT, com.example.androidtvlibrary.main.adapter.C.ENCODING_PCM_32BIT, com.example.androidtvlibrary.main.adapter.C.ENCODING_PCM_FLOAT, com.example.androidtvlibrary.main.adapter.C.ENCODING_MP3, com.example.androidtvlibrary.main.adapter.C.ENCODING_AC3, com.example.androidtvlibrary.main.adapter.C.ENCODING_E_AC3, com.example.androidtvlibrary.main.adapter.C.ENCODING_E_AC3_JOC, com.example.androidtvlibrary.main.adapter.C.ENCODING_AC4, com.example.androidtvlibrary.main.adapter.C.ENCODING_DTS, com.example.androidtvlibrary.main.adapter.C.ENCODING_DTS_HD, com.example.androidtvlibrary.main.adapter.C.ENCODING_DOLBY_TRUEHD}" />
    </annotation>
  </item>
  <item name="com.example.androidtvlibrary.main.adapter.player.BaseRenderer int supportsMixedMimeTypeAdaptation()">
    <annotation name="androidx.annotation.IntDef">
      <val name="value" val="{com.example.androidtvlibrary.main.adapter.wow.RendererCapabilities.ADAPTIVE_SEAMLESS, com.example.androidtvlibrary.main.adapter.wow.RendererCapabilities.ADAPTIVE_NOT_SEAMLESS, com.example.androidtvlibrary.main.adapter.wow.RendererCapabilities.ADAPTIVE_NOT_SUPPORTED}" />
    </annotation>
  </item>
  <item name="com.example.androidtvlibrary.main.adapter.player.CameraMotionRenderer int supportsFormat(com.example.androidtvlibrary.main.adapter.Format)">
  </item>
  <item name="com.example.androidtvlibrary.main.adapter.player.ControlDispatcher boolean dispatchSetRepeatMode(com.example.androidtvlibrary.main.adapter.TestPlayer, int) 1">
    <annotation name="androidx.annotation.IntDef">
      <val name="value" val="{com.example.androidtvlibrary.main.adapter.TestPlayer.REPEAT_MODE_OFF, com.example.androidtvlibrary.main.adapter.TestPlayer.REPEAT_MODE_ONE, com.example.androidtvlibrary.main.adapter.TestPlayer.REPEAT_MODE_ALL}" />
    </annotation>
  </item>
  <item name="com.example.androidtvlibrary.main.adapter.player.DefaultAudioSink boolean supportsOutput(int, int) 1">
    <annotation name="androidx.annotation.IntDef">
      <val name="value" val="{com.example.androidtvlibrary.main.adapter.Format.NO_VALUE, com.example.androidtvlibrary.main.adapter.C.ENCODING_INVALID, com.example.androidtvlibrary.main.adapter.C.ENCODING_PCM_8BIT, com.example.androidtvlibrary.main.adapter.C.ENCODING_PCM_16BIT, com.example.androidtvlibrary.main.adapter.C.ENCODING_PCM_16BIT_BIG_ENDIAN, com.example.androidtvlibrary.main.adapter.C.ENCODING_PCM_24BIT, com.example.androidtvlibrary.main.adapter.C.ENCODING_PCM_32BIT, com.example.androidtvlibrary.main.adapter.C.ENCODING_PCM_FLOAT, com.example.androidtvlibrary.main.adapter.C.ENCODING_MP3, com.example.androidtvlibrary.main.adapter.C.ENCODING_AC3, com.example.androidtvlibrary.main.adapter.C.ENCODING_E_AC3, com.example.androidtvlibrary.main.adapter.C.ENCODING_E_AC3_JOC, com.example.androidtvlibrary.main.adapter.C.ENCODING_AC4, com.example.androidtvlibrary.main.adapter.C.ENCODING_DTS, com.example.androidtvlibrary.main.adapter.C.ENCODING_DTS_HD, com.example.androidtvlibrary.main.adapter.C.ENCODING_DOLBY_TRUEHD}" />
    </annotation>
  </item>
  <item name="com.example.androidtvlibrary.main.adapter.player.DefaultAudioSink int getFramesPerEncodedSample(int, java.nio.ByteBuffer) 0">
    <annotation name="androidx.annotation.IntDef">
      <val name="value" val="{com.example.androidtvlibrary.main.adapter.Format.NO_VALUE, com.example.androidtvlibrary.main.adapter.C.ENCODING_INVALID, com.example.androidtvlibrary.main.adapter.C.ENCODING_PCM_8BIT, com.example.androidtvlibrary.main.adapter.C.ENCODING_PCM_16BIT, com.example.androidtvlibrary.main.adapter.C.ENCODING_PCM_16BIT_BIG_ENDIAN, com.example.androidtvlibrary.main.adapter.C.ENCODING_PCM_24BIT, com.example.androidtvlibrary.main.adapter.C.ENCODING_PCM_32BIT, com.example.androidtvlibrary.main.adapter.C.ENCODING_PCM_FLOAT, com.example.androidtvlibrary.main.adapter.C.ENCODING_MP3, com.example.androidtvlibrary.main.adapter.C.ENCODING_AC3, com.example.androidtvlibrary.main.adapter.C.ENCODING_E_AC3, com.example.androidtvlibrary.main.adapter.C.ENCODING_E_AC3_JOC, com.example.androidtvlibrary.main.adapter.C.ENCODING_AC4, com.example.androidtvlibrary.main.adapter.C.ENCODING_DTS, com.example.androidtvlibrary.main.adapter.C.ENCODING_DTS_HD, com.example.androidtvlibrary.main.adapter.C.ENCODING_DOLBY_TRUEHD}" />
    </annotation>
  </item>
  <item name="com.example.androidtvlibrary.main.adapter.player.DefaultAudioSink int getMaximumEncodedRateBytesPerSecond(int) 0">
    <annotation name="androidx.annotation.IntDef">
      <val name="value" val="{com.example.androidtvlibrary.main.adapter.Format.NO_VALUE, com.example.androidtvlibrary.main.adapter.C.ENCODING_INVALID, com.example.androidtvlibrary.main.adapter.C.ENCODING_PCM_8BIT, com.example.androidtvlibrary.main.adapter.C.ENCODING_PCM_16BIT, com.example.androidtvlibrary.main.adapter.C.ENCODING_PCM_16BIT_BIG_ENDIAN, com.example.androidtvlibrary.main.adapter.C.ENCODING_PCM_24BIT, com.example.androidtvlibrary.main.adapter.C.ENCODING_PCM_32BIT, com.example.androidtvlibrary.main.adapter.C.ENCODING_PCM_FLOAT, com.example.androidtvlibrary.main.adapter.C.ENCODING_MP3, com.example.androidtvlibrary.main.adapter.C.ENCODING_AC3, com.example.androidtvlibrary.main.adapter.C.ENCODING_E_AC3, com.example.androidtvlibrary.main.adapter.C.ENCODING_E_AC3_JOC, com.example.androidtvlibrary.main.adapter.C.ENCODING_AC4, com.example.androidtvlibrary.main.adapter.C.ENCODING_DTS, com.example.androidtvlibrary.main.adapter.C.ENCODING_DTS_HD, com.example.androidtvlibrary.main.adapter.C.ENCODING_DOLBY_TRUEHD}" />
    </annotation>
  </item>
  <item name="com.example.androidtvlibrary.main.adapter.player.DefaultAudioSink startMediaTimeState">
    <annotation name="androidx.annotation.IntDef">
      <val name="value" val="{com.example.androidtvlibrary.main.adapter.player.DefaultAudioSink.START_NOT_SET, com.example.androidtvlibrary.main.adapter.player.DefaultAudioSink.START_IN_SYNC, com.example.androidtvlibrary.main.adapter.player.DefaultAudioSink.START_NEED_SYNC}" />
    </annotation>
  </item>
  <item name="com.example.androidtvlibrary.main.adapter.player.DefaultAudioSink void configure(int, int, int, int, int[], int, int) 0">
    <annotation name="androidx.annotation.IntDef">
      <val name="value" val="{com.example.androidtvlibrary.main.adapter.Format.NO_VALUE, com.example.androidtvlibrary.main.adapter.C.ENCODING_INVALID, com.example.androidtvlibrary.main.adapter.C.ENCODING_PCM_8BIT, com.example.androidtvlibrary.main.adapter.C.ENCODING_PCM_16BIT, com.example.androidtvlibrary.main.adapter.C.ENCODING_PCM_16BIT_BIG_ENDIAN, com.example.androidtvlibrary.main.adapter.C.ENCODING_PCM_24BIT, com.example.androidtvlibrary.main.adapter.C.ENCODING_PCM_32BIT, com.example.androidtvlibrary.main.adapter.C.ENCODING_PCM_FLOAT, com.example.androidtvlibrary.main.adapter.C.ENCODING_MP3, com.example.androidtvlibrary.main.adapter.C.ENCODING_AC3, com.example.androidtvlibrary.main.adapter.C.ENCODING_E_AC3, com.example.androidtvlibrary.main.adapter.C.ENCODING_E_AC3_JOC, com.example.androidtvlibrary.main.adapter.C.ENCODING_AC4, com.example.androidtvlibrary.main.adapter.C.ENCODING_DTS, com.example.androidtvlibrary.main.adapter.C.ENCODING_DTS_HD, com.example.androidtvlibrary.main.adapter.C.ENCODING_DOLBY_TRUEHD}" />
    </annotation>
  </item>
  <item name="com.example.androidtvlibrary.main.adapter.player.DefaultAudioSink.Configuration outputEncoding">
    <annotation name="androidx.annotation.IntDef">
      <val name="value" val="{com.example.androidtvlibrary.main.adapter.Format.NO_VALUE, com.example.androidtvlibrary.main.adapter.C.ENCODING_INVALID, com.example.androidtvlibrary.main.adapter.C.ENCODING_PCM_8BIT, com.example.androidtvlibrary.main.adapter.C.ENCODING_PCM_16BIT, com.example.androidtvlibrary.main.adapter.C.ENCODING_PCM_16BIT_BIG_ENDIAN, com.example.androidtvlibrary.main.adapter.C.ENCODING_PCM_24BIT, com.example.androidtvlibrary.main.adapter.C.ENCODING_PCM_32BIT, com.example.androidtvlibrary.main.adapter.C.ENCODING_PCM_FLOAT, com.example.androidtvlibrary.main.adapter.C.ENCODING_MP3, com.example.androidtvlibrary.main.adapter.C.ENCODING_AC3, com.example.androidtvlibrary.main.adapter.C.ENCODING_E_AC3, com.example.androidtvlibrary.main.adapter.C.ENCODING_E_AC3_JOC, com.example.androidtvlibrary.main.adapter.C.ENCODING_AC4, com.example.androidtvlibrary.main.adapter.C.ENCODING_DTS, com.example.androidtvlibrary.main.adapter.C.ENCODING_DTS_HD, com.example.androidtvlibrary.main.adapter.C.ENCODING_DOLBY_TRUEHD}" />
    </annotation>
  </item>
  <item name="com.example.androidtvlibrary.main.adapter.player.DefaultControlDispatcher boolean dispatchSetRepeatMode(com.example.androidtvlibrary.main.adapter.TestPlayer, int) 1">
    <annotation name="androidx.annotation.IntDef">
      <val name="value" val="{com.example.androidtvlibrary.main.adapter.TestPlayer.REPEAT_MODE_OFF, com.example.androidtvlibrary.main.adapter.TestPlayer.REPEAT_MODE_ONE, com.example.androidtvlibrary.main.adapter.TestPlayer.REPEAT_MODE_ALL}" />
    </annotation>
  </item>
  <item name="com.example.androidtvlibrary.main.adapter.player.DefaultRenderersFactory DefaultRenderersFactory(android.content.Context, com.example.androidtvlibrary.main.adapter.Media.DrmSessionManager&lt;com.example.androidtvlibrary.main.adapter.player.FrameworkMediaCrypto&gt;, int) 2">
    <annotation name="androidx.annotation.IntDef">
      <val name="value" val="{com.example.androidtvlibrary.main.adapter.player.DefaultRenderersFactory.EXTENSION_RENDERER_MODE_OFF, com.example.androidtvlibrary.main.adapter.player.DefaultRenderersFactory.EXTENSION_RENDERER_MODE_ON, com.example.androidtvlibrary.main.adapter.player.DefaultRenderersFactory.EXTENSION_RENDERER_MODE_PREFER}" />
    </annotation>
  </item>
  <item name="com.example.androidtvlibrary.main.adapter.player.DefaultRenderersFactory DefaultRenderersFactory(android.content.Context, com.example.androidtvlibrary.main.adapter.Media.DrmSessionManager&lt;com.example.androidtvlibrary.main.adapter.player.FrameworkMediaCrypto&gt;, int, long) 2">
    <annotation name="androidx.annotation.IntDef">
      <val name="value" val="{com.example.androidtvlibrary.main.adapter.player.DefaultRenderersFactory.EXTENSION_RENDERER_MODE_OFF, com.example.androidtvlibrary.main.adapter.player.DefaultRenderersFactory.EXTENSION_RENDERER_MODE_ON, com.example.androidtvlibrary.main.adapter.player.DefaultRenderersFactory.EXTENSION_RENDERER_MODE_PREFER}" />
    </annotation>
  </item>
  <item name="com.example.androidtvlibrary.main.adapter.player.DefaultRenderersFactory DefaultRenderersFactory(android.content.Context, int) 1">
    <annotation name="androidx.annotation.IntDef">
      <val name="value" val="{com.example.androidtvlibrary.main.adapter.player.DefaultRenderersFactory.EXTENSION_RENDERER_MODE_OFF, com.example.androidtvlibrary.main.adapter.player.DefaultRenderersFactory.EXTENSION_RENDERER_MODE_ON, com.example.androidtvlibrary.main.adapter.player.DefaultRenderersFactory.EXTENSION_RENDERER_MODE_PREFER}" />
    </annotation>
  </item>
  <item name="com.example.androidtvlibrary.main.adapter.player.DefaultRenderersFactory DefaultRenderersFactory(android.content.Context, int, long) 1">
    <annotation name="androidx.annotation.IntDef">
      <val name="value" val="{com.example.androidtvlibrary.main.adapter.player.DefaultRenderersFactory.EXTENSION_RENDERER_MODE_OFF, com.example.androidtvlibrary.main.adapter.player.DefaultRenderersFactory.EXTENSION_RENDERER_MODE_ON, com.example.androidtvlibrary.main.adapter.player.DefaultRenderersFactory.EXTENSION_RENDERER_MODE_PREFER}" />
    </annotation>
  </item>
  <item name="com.example.androidtvlibrary.main.adapter.player.DefaultRenderersFactory com.example.androidtvlibrary.main.adapter.player.DefaultRenderersFactory setExtensionRendererMode(int) 0">
    <annotation name="androidx.annotation.IntDef">
      <val name="value" val="{com.example.androidtvlibrary.main.adapter.player.DefaultRenderersFactory.EXTENSION_RENDERER_MODE_OFF, com.example.androidtvlibrary.main.adapter.player.DefaultRenderersFactory.EXTENSION_RENDERER_MODE_ON, com.example.androidtvlibrary.main.adapter.player.DefaultRenderersFactory.EXTENSION_RENDERER_MODE_PREFER}" />
    </annotation>
  </item>
  <item name="com.example.androidtvlibrary.main.adapter.player.DefaultRenderersFactory extensionRendererMode">
    <annotation name="androidx.annotation.IntDef">
      <val name="value" val="{com.example.androidtvlibrary.main.adapter.player.DefaultRenderersFactory.EXTENSION_RENDERER_MODE_OFF, com.example.androidtvlibrary.main.adapter.player.DefaultRenderersFactory.EXTENSION_RENDERER_MODE_ON, com.example.androidtvlibrary.main.adapter.player.DefaultRenderersFactory.EXTENSION_RENDERER_MODE_PREFER}" />
    </annotation>
  </item>
  <item name="com.example.androidtvlibrary.main.adapter.player.DefaultRenderersFactory void buildAudioRenderers(android.content.Context, int, com.example.androidtvlibrary.main.adapter.player.MediaCodecSelector, com.example.androidtvlibrary.main.adapter.Media.DrmSessionManager&lt;com.example.androidtvlibrary.main.adapter.player.FrameworkMediaCrypto&gt;, boolean, boolean, com.example.androidtvlibrary.main.adapter.player.AudioProcessor[], android.os.Handler, com.example.androidtvlibrary.main.adapter.player.AudioRendererEventListener, java.util.ArrayList&lt;com.example.androidtvlibrary.main.adapter.wow.Renderer&gt;) 1">
    <annotation name="androidx.annotation.IntDef">
      <val name="value" val="{com.example.androidtvlibrary.main.adapter.player.DefaultRenderersFactory.EXTENSION_RENDERER_MODE_OFF, com.example.androidtvlibrary.main.adapter.player.DefaultRenderersFactory.EXTENSION_RENDERER_MODE_ON, com.example.androidtvlibrary.main.adapter.player.DefaultRenderersFactory.EXTENSION_RENDERER_MODE_PREFER}" />
    </annotation>
  </item>
  <item name="com.example.androidtvlibrary.main.adapter.player.DefaultRenderersFactory void buildCameraMotionRenderers(android.content.Context, int, java.util.ArrayList&lt;com.example.androidtvlibrary.main.adapter.wow.Renderer&gt;) 1">
    <annotation name="androidx.annotation.IntDef">
      <val name="value" val="{com.example.androidtvlibrary.main.adapter.player.DefaultRenderersFactory.EXTENSION_RENDERER_MODE_OFF, com.example.androidtvlibrary.main.adapter.player.DefaultRenderersFactory.EXTENSION_RENDERER_MODE_ON, com.example.androidtvlibrary.main.adapter.player.DefaultRenderersFactory.EXTENSION_RENDERER_MODE_PREFER}" />
    </annotation>
  </item>
  <item name="com.example.androidtvlibrary.main.adapter.player.DefaultRenderersFactory void buildMetadataRenderers(android.content.Context, com.example.androidtvlibrary.main.adapter.TestPlayer.MetadataOutput, android.os.Looper, int, java.util.ArrayList&lt;com.example.androidtvlibrary.main.adapter.wow.Renderer&gt;) 3">
    <annotation name="androidx.annotation.IntDef">
      <val name="value" val="{com.example.androidtvlibrary.main.adapter.player.DefaultRenderersFactory.EXTENSION_RENDERER_MODE_OFF, com.example.androidtvlibrary.main.adapter.player.DefaultRenderersFactory.EXTENSION_RENDERER_MODE_ON, com.example.androidtvlibrary.main.adapter.player.DefaultRenderersFactory.EXTENSION_RENDERER_MODE_PREFER}" />
    </annotation>
  </item>
  <item name="com.example.androidtvlibrary.main.adapter.player.DefaultRenderersFactory void buildMiscellaneousRenderers(android.content.Context, android.os.Handler, int, java.util.ArrayList&lt;com.example.androidtvlibrary.main.adapter.wow.Renderer&gt;) 2">
    <annotation name="androidx.annotation.IntDef">
      <val name="value" val="{com.example.androidtvlibrary.main.adapter.player.DefaultRenderersFactory.EXTENSION_RENDERER_MODE_OFF, com.example.androidtvlibrary.main.adapter.player.DefaultRenderersFactory.EXTENSION_RENDERER_MODE_ON, com.example.androidtvlibrary.main.adapter.player.DefaultRenderersFactory.EXTENSION_RENDERER_MODE_PREFER}" />
    </annotation>
  </item>
  <item name="com.example.androidtvlibrary.main.adapter.player.DefaultRenderersFactory void buildTextRenderers(android.content.Context, com.example.androidtvlibrary.main.adapter.TestPlayer.TextOutput, android.os.Looper, int, java.util.ArrayList&lt;com.example.androidtvlibrary.main.adapter.wow.Renderer&gt;) 3">
    <annotation name="androidx.annotation.IntDef">
      <val name="value" val="{com.example.androidtvlibrary.main.adapter.player.DefaultRenderersFactory.EXTENSION_RENDERER_MODE_OFF, com.example.androidtvlibrary.main.adapter.player.DefaultRenderersFactory.EXTENSION_RENDERER_MODE_ON, com.example.androidtvlibrary.main.adapter.player.DefaultRenderersFactory.EXTENSION_RENDERER_MODE_PREFER}" />
    </annotation>
  </item>
  <item name="com.example.androidtvlibrary.main.adapter.player.DefaultRenderersFactory void buildVideoRenderers(android.content.Context, int, com.example.androidtvlibrary.main.adapter.player.MediaCodecSelector, com.example.androidtvlibrary.main.adapter.Media.DrmSessionManager&lt;com.example.androidtvlibrary.main.adapter.player.FrameworkMediaCrypto&gt;, boolean, boolean, android.os.Handler, com.example.androidtvlibrary.main.adapter.player.VideoRendererEventListener, long, java.util.ArrayList&lt;com.example.androidtvlibrary.main.adapter.wow.Renderer&gt;) 1">
    <annotation name="androidx.annotation.IntDef">
      <val name="value" val="{com.example.androidtvlibrary.main.adapter.player.DefaultRenderersFactory.EXTENSION_RENDERER_MODE_OFF, com.example.androidtvlibrary.main.adapter.player.DefaultRenderersFactory.EXTENSION_RENDERER_MODE_ON, com.example.androidtvlibrary.main.adapter.player.DefaultRenderersFactory.EXTENSION_RENDERER_MODE_PREFER}" />
    </annotation>
  </item>
  <item name="com.example.androidtvlibrary.main.adapter.player.DefaultRenderersFactory.ExtensionRendererMode">
    <annotation name="androidx.annotation.IntDef">
      <val name="value" val="{com.example.androidtvlibrary.main.adapter.player.DefaultRenderersFactory.EXTENSION_RENDERER_MODE_OFF, com.example.androidtvlibrary.main.adapter.player.DefaultRenderersFactory.EXTENSION_RENDERER_MODE_ON, com.example.androidtvlibrary.main.adapter.player.DefaultRenderersFactory.EXTENSION_RENDERER_MODE_PREFER}" />
    </annotation>
  </item>
  <item name="com.example.androidtvlibrary.main.adapter.player.DummySurface int getSecureMode(android.content.Context)">
    <annotation name="androidx.annotation.IntDef">
      <val name="value" val="{com.example.androidtvlibrary.main.adapter.player.EGLSurfaceTexture.SECURE_MODE_NONE, com.example.androidtvlibrary.main.adapter.player.EGLSurfaceTexture.SECURE_MODE_SURFACELESS_CONTEXT, com.example.androidtvlibrary.main.adapter.player.EGLSurfaceTexture.SECURE_MODE_PROTECTED_PBUFFER}" />
    </annotation>
  </item>
  <item name="com.example.androidtvlibrary.main.adapter.player.DummySurface secureMode">
    <annotation name="androidx.annotation.IntDef">
      <val name="value" val="{com.example.androidtvlibrary.main.adapter.player.EGLSurfaceTexture.SECURE_MODE_NONE, com.example.androidtvlibrary.main.adapter.player.EGLSurfaceTexture.SECURE_MODE_SURFACELESS_CONTEXT, com.example.androidtvlibrary.main.adapter.player.EGLSurfaceTexture.SECURE_MODE_PROTECTED_PBUFFER}" />
    </annotation>
  </item>
  <item name="com.example.androidtvlibrary.main.adapter.player.DummySurface.DummySurfaceThread com.example.androidtvlibrary.main.adapter.player.DummySurface init(int) 0">
    <annotation name="androidx.annotation.IntDef">
      <val name="value" val="{com.example.androidtvlibrary.main.adapter.player.EGLSurfaceTexture.SECURE_MODE_NONE, com.example.androidtvlibrary.main.adapter.player.EGLSurfaceTexture.SECURE_MODE_SURFACELESS_CONTEXT, com.example.androidtvlibrary.main.adapter.player.EGLSurfaceTexture.SECURE_MODE_PROTECTED_PBUFFER}" />
    </annotation>
  </item>
  <item name="com.example.androidtvlibrary.main.adapter.player.DummySurface.DummySurfaceThread void initInternal(int) 0">
    <annotation name="androidx.annotation.IntDef">
      <val name="value" val="{com.example.androidtvlibrary.main.adapter.player.EGLSurfaceTexture.SECURE_MODE_NONE, com.example.androidtvlibrary.main.adapter.player.EGLSurfaceTexture.SECURE_MODE_SURFACELESS_CONTEXT, com.example.androidtvlibrary.main.adapter.player.EGLSurfaceTexture.SECURE_MODE_PROTECTED_PBUFFER}" />
    </annotation>
  </item>
  <item name="com.example.androidtvlibrary.main.adapter.player.EGLSurfaceTexture android.opengl.EGLContext createEGLContext(android.opengl.EGLDisplay, android.opengl.EGLConfig, int) 2">
    <annotation name="androidx.annotation.IntDef">
      <val name="value" val="{com.example.androidtvlibrary.main.adapter.player.EGLSurfaceTexture.SECURE_MODE_NONE, com.example.androidtvlibrary.main.adapter.player.EGLSurfaceTexture.SECURE_MODE_SURFACELESS_CONTEXT, com.example.androidtvlibrary.main.adapter.player.EGLSurfaceTexture.SECURE_MODE_PROTECTED_PBUFFER}" />
    </annotation>
  </item>
  <item name="com.example.androidtvlibrary.main.adapter.player.EGLSurfaceTexture android.opengl.EGLSurface createEGLSurface(android.opengl.EGLDisplay, android.opengl.EGLConfig, android.opengl.EGLContext, int) 3">
    <annotation name="androidx.annotation.IntDef">
      <val name="value" val="{com.example.androidtvlibrary.main.adapter.player.EGLSurfaceTexture.SECURE_MODE_NONE, com.example.androidtvlibrary.main.adapter.player.EGLSurfaceTexture.SECURE_MODE_SURFACELESS_CONTEXT, com.example.androidtvlibrary.main.adapter.player.EGLSurfaceTexture.SECURE_MODE_PROTECTED_PBUFFER}" />
    </annotation>
  </item>
  <item name="com.example.androidtvlibrary.main.adapter.player.EGLSurfaceTexture void init(int) 0">
    <annotation name="androidx.annotation.IntDef">
      <val name="value" val="{com.example.androidtvlibrary.main.adapter.player.EGLSurfaceTexture.SECURE_MODE_NONE, com.example.androidtvlibrary.main.adapter.player.EGLSurfaceTexture.SECURE_MODE_SURFACELESS_CONTEXT, com.example.androidtvlibrary.main.adapter.player.EGLSurfaceTexture.SECURE_MODE_PROTECTED_PBUFFER}" />
    </annotation>
  </item>
  <item name="com.example.androidtvlibrary.main.adapter.player.EGLSurfaceTexture.SecureMode">
    <annotation name="androidx.annotation.IntDef">
      <val name="value" val="{com.example.androidtvlibrary.main.adapter.player.EGLSurfaceTexture.SECURE_MODE_NONE, com.example.androidtvlibrary.main.adapter.player.EGLSurfaceTexture.SECURE_MODE_SURFACELESS_CONTEXT, com.example.androidtvlibrary.main.adapter.player.EGLSurfaceTexture.SECURE_MODE_PROTECTED_PBUFFER}" />
    </annotation>
  </item>
  <item name="com.example.androidtvlibrary.main.adapter.player.MediaCodecAudioRenderer int canKeepCodec(android.media.MediaCodec, com.example.androidtvlibrary.main.adapter.player.MediaCodecInfo, com.example.androidtvlibrary.main.adapter.Format, com.example.androidtvlibrary.main.adapter.Format)">
    <annotation name="androidx.annotation.IntDef">
      <val name="value" val="{com.example.androidtvlibrary.main.adapter.player.MediaCodecRenderer.KEEP_CODEC_RESULT_NO, com.example.androidtvlibrary.main.adapter.player.MediaCodecRenderer.KEEP_CODEC_RESULT_YES_WITH_FLUSH, com.example.androidtvlibrary.main.adapter.player.MediaCodecRenderer.KEEP_CODEC_RESULT_YES_WITH_RECONFIGURATION, com.example.androidtvlibrary.main.adapter.player.MediaCodecRenderer.KEEP_CODEC_RESULT_YES_WITHOUT_RECONFIGURATION}" />
    </annotation>
  </item>
  <item name="com.example.androidtvlibrary.main.adapter.player.MediaCodecAudioRenderer int getPassthroughEncoding(int, java.lang.String)">
    <annotation name="androidx.annotation.IntDef">
      <val name="value" val="{com.example.androidtvlibrary.main.adapter.Format.NO_VALUE, com.example.androidtvlibrary.main.adapter.C.ENCODING_INVALID, com.example.androidtvlibrary.main.adapter.C.ENCODING_PCM_8BIT, com.example.androidtvlibrary.main.adapter.C.ENCODING_PCM_16BIT, com.example.androidtvlibrary.main.adapter.C.ENCODING_PCM_16BIT_BIG_ENDIAN, com.example.androidtvlibrary.main.adapter.C.ENCODING_PCM_24BIT, com.example.androidtvlibrary.main.adapter.C.ENCODING_PCM_32BIT, com.example.androidtvlibrary.main.adapter.C.ENCODING_PCM_FLOAT, com.example.androidtvlibrary.main.adapter.C.ENCODING_MP3, com.example.androidtvlibrary.main.adapter.C.ENCODING_AC3, com.example.androidtvlibrary.main.adapter.C.ENCODING_E_AC3, com.example.androidtvlibrary.main.adapter.C.ENCODING_E_AC3_JOC, com.example.androidtvlibrary.main.adapter.C.ENCODING_AC4, com.example.androidtvlibrary.main.adapter.C.ENCODING_DTS, com.example.androidtvlibrary.main.adapter.C.ENCODING_DTS_HD, com.example.androidtvlibrary.main.adapter.C.ENCODING_DOLBY_TRUEHD}" />
    </annotation>
  </item>
  <item name="com.example.androidtvlibrary.main.adapter.player.MediaCodecAudioRenderer int getPcmEncoding(com.example.androidtvlibrary.main.adapter.Format)">
    <annotation name="androidx.annotation.IntDef">
      <val name="value" val="{com.example.androidtvlibrary.main.adapter.Format.NO_VALUE, com.example.androidtvlibrary.main.adapter.C.ENCODING_INVALID, com.example.androidtvlibrary.main.adapter.C.ENCODING_PCM_8BIT, com.example.androidtvlibrary.main.adapter.C.ENCODING_PCM_16BIT, com.example.androidtvlibrary.main.adapter.C.ENCODING_PCM_16BIT_BIG_ENDIAN, com.example.androidtvlibrary.main.adapter.C.ENCODING_PCM_24BIT, com.example.androidtvlibrary.main.adapter.C.ENCODING_PCM_32BIT, com.example.androidtvlibrary.main.adapter.C.ENCODING_PCM_FLOAT, com.example.androidtvlibrary.main.adapter.C.ENCODING_MP3, com.example.androidtvlibrary.main.adapter.C.ENCODING_AC3, com.example.androidtvlibrary.main.adapter.C.ENCODING_E_AC3, com.example.androidtvlibrary.main.adapter.C.ENCODING_E_AC3_JOC, com.example.androidtvlibrary.main.adapter.C.ENCODING_AC4, com.example.androidtvlibrary.main.adapter.C.ENCODING_DTS, com.example.androidtvlibrary.main.adapter.C.ENCODING_DTS_HD, com.example.androidtvlibrary.main.adapter.C.ENCODING_DOLBY_TRUEHD}" />
    </annotation>
  </item>
  <item name="com.example.androidtvlibrary.main.adapter.player.MediaCodecAudioRenderer int supportsFormat(com.example.androidtvlibrary.main.adapter.player.MediaCodecSelector, com.example.androidtvlibrary.main.adapter.Media.DrmSessionManager&lt;com.example.androidtvlibrary.main.adapter.player.FrameworkMediaCrypto&gt;, com.example.androidtvlibrary.main.adapter.Format)">
  </item>
  <item name="com.example.androidtvlibrary.main.adapter.player.MediaCodecRenderer codecAdaptationWorkaroundMode">
    <annotation name="androidx.annotation.IntDef">
      <val name="value" val="{com.example.androidtvlibrary.main.adapter.player.MediaCodecRenderer.ADAPTATION_WORKAROUND_MODE_NEVER, com.example.androidtvlibrary.main.adapter.player.MediaCodecRenderer.ADAPTATION_WORKAROUND_MODE_SAME_RESOLUTION, com.example.androidtvlibrary.main.adapter.player.MediaCodecRenderer.ADAPTATION_WORKAROUND_MODE_ALWAYS}" />
    </annotation>
  </item>
  <item name="com.example.androidtvlibrary.main.adapter.player.MediaCodecRenderer codecDrainAction">
    <annotation name="androidx.annotation.IntDef">
      <val name="value" val="{com.example.androidtvlibrary.main.adapter.player.MediaCodecRenderer.DRAIN_ACTION_NONE, com.example.androidtvlibrary.main.adapter.player.MediaCodecRenderer.DRAIN_ACTION_FLUSH, com.example.androidtvlibrary.main.adapter.player.MediaCodecRenderer.DRAIN_ACTION_UPDATE_DRM_SESSION, com.example.androidtvlibrary.main.adapter.player.MediaCodecRenderer.DRAIN_ACTION_REINITIALIZE}" />
    </annotation>
  </item>
  <item name="com.example.androidtvlibrary.main.adapter.player.MediaCodecRenderer codecDrainState">
    <annotation name="androidx.annotation.IntDef">
      <val name="value" val="{com.example.androidtvlibrary.main.adapter.player.MediaCodecRenderer.DRAIN_STATE_NONE, com.example.androidtvlibrary.main.adapter.player.MediaCodecRenderer.DRAIN_STATE_SIGNAL_END_OF_STREAM, com.example.androidtvlibrary.main.adapter.player.MediaCodecRenderer.DRAIN_STATE_WAIT_END_OF_STREAM}" />
    </annotation>
  </item>
  <item name="com.example.androidtvlibrary.main.adapter.player.MediaCodecRenderer codecReconfigurationState">
    <annotation name="androidx.annotation.IntDef">
      <val name="value" val="{com.example.androidtvlibrary.main.adapter.player.MediaCodecRenderer.RECONFIGURATION_STATE_NONE, com.example.androidtvlibrary.main.adapter.player.MediaCodecRenderer.RECONFIGURATION_STATE_WRITE_PENDING, com.example.androidtvlibrary.main.adapter.player.MediaCodecRenderer.RECONFIGURATION_STATE_QUEUE_PENDING}" />
    </annotation>
  </item>
  <item name="com.example.androidtvlibrary.main.adapter.player.MediaCodecRenderer int canKeepCodec(android.media.MediaCodec, com.example.androidtvlibrary.main.adapter.player.MediaCodecInfo, com.example.androidtvlibrary.main.adapter.Format, com.example.androidtvlibrary.main.adapter.Format)">
    <annotation name="androidx.annotation.IntDef">
      <val name="value" val="{com.example.androidtvlibrary.main.adapter.player.MediaCodecRenderer.KEEP_CODEC_RESULT_NO, com.example.androidtvlibrary.main.adapter.player.MediaCodecRenderer.KEEP_CODEC_RESULT_YES_WITH_FLUSH, com.example.androidtvlibrary.main.adapter.player.MediaCodecRenderer.KEEP_CODEC_RESULT_YES_WITH_RECONFIGURATION, com.example.androidtvlibrary.main.adapter.player.MediaCodecRenderer.KEEP_CODEC_RESULT_YES_WITHOUT_RECONFIGURATION}" />
    </annotation>
  </item>
  <item name="com.example.androidtvlibrary.main.adapter.player.MediaCodecRenderer int codecAdaptationWorkaroundMode(java.lang.String)">
    <annotation name="androidx.annotation.IntDef">
      <val name="value" val="{com.example.androidtvlibrary.main.adapter.player.MediaCodecRenderer.ADAPTATION_WORKAROUND_MODE_NEVER, com.example.androidtvlibrary.main.adapter.player.MediaCodecRenderer.ADAPTATION_WORKAROUND_MODE_SAME_RESOLUTION, com.example.androidtvlibrary.main.adapter.player.MediaCodecRenderer.ADAPTATION_WORKAROUND_MODE_ALWAYS}" />
    </annotation>
  </item>
  <item name="com.example.androidtvlibrary.main.adapter.player.MediaCodecRenderer int supportsFormat(com.example.androidtvlibrary.main.adapter.Format)">
  </item>
  <item name="com.example.androidtvlibrary.main.adapter.player.MediaCodecRenderer int supportsFormat(com.example.androidtvlibrary.main.adapter.player.MediaCodecSelector, com.example.androidtvlibrary.main.adapter.Media.DrmSessionManager&lt;com.example.androidtvlibrary.main.adapter.player.FrameworkMediaCrypto&gt;, com.example.androidtvlibrary.main.adapter.Format)">
  </item>
  <item name="com.example.androidtvlibrary.main.adapter.player.MediaCodecRenderer int supportsMixedMimeTypeAdaptation()">
    <annotation name="androidx.annotation.IntDef">
      <val name="value" val="{com.example.androidtvlibrary.main.adapter.wow.RendererCapabilities.ADAPTIVE_SEAMLESS, com.example.androidtvlibrary.main.adapter.wow.RendererCapabilities.ADAPTIVE_NOT_SEAMLESS, com.example.androidtvlibrary.main.adapter.wow.RendererCapabilities.ADAPTIVE_NOT_SUPPORTED}" />
    </annotation>
  </item>
  <item name="com.example.androidtvlibrary.main.adapter.player.MediaCodecVideoRenderer int canKeepCodec(android.media.MediaCodec, com.example.androidtvlibrary.main.adapter.player.MediaCodecInfo, com.example.androidtvlibrary.main.adapter.Format, com.example.androidtvlibrary.main.adapter.Format)">
    <annotation name="androidx.annotation.IntDef">
      <val name="value" val="{com.example.androidtvlibrary.main.adapter.player.MediaCodecRenderer.KEEP_CODEC_RESULT_NO, com.example.androidtvlibrary.main.adapter.player.MediaCodecRenderer.KEEP_CODEC_RESULT_YES_WITH_FLUSH, com.example.androidtvlibrary.main.adapter.player.MediaCodecRenderer.KEEP_CODEC_RESULT_YES_WITH_RECONFIGURATION, com.example.androidtvlibrary.main.adapter.player.MediaCodecRenderer.KEEP_CODEC_RESULT_YES_WITHOUT_RECONFIGURATION}" />
    </annotation>
  </item>
  <item name="com.example.androidtvlibrary.main.adapter.player.MediaCodecVideoRenderer int supportsFormat(com.example.androidtvlibrary.main.adapter.player.MediaCodecSelector, com.example.androidtvlibrary.main.adapter.Media.DrmSessionManager&lt;com.example.androidtvlibrary.main.adapter.player.FrameworkMediaCrypto&gt;, com.example.androidtvlibrary.main.adapter.Format)">
  </item>
  <item name="com.example.androidtvlibrary.main.adapter.player.MediaCodecVideoRenderer scalingMode">
    <annotation name="androidx.annotation.IntDef">
      <val name="value" val="{com.example.androidtvlibrary.main.adapter.C.VIDEO_SCALING_MODE_SCALE_TO_FIT, com.example.androidtvlibrary.main.adapter.C.VIDEO_SCALING_MODE_SCALE_TO_FIT_WITH_CROPPING}" />
    </annotation>
  </item>
  <item name="com.example.androidtvlibrary.main.adapter.player.MetadataRenderer int supportsFormat(com.example.androidtvlibrary.main.adapter.Format)">
  </item>
  <item name="com.example.androidtvlibrary.main.adapter.player.PlayerControlView DEFAULT_REPEAT_TOGGLE_MODES">
    <annotation name="androidx.annotation.IntDef">
      <val name="flag" val="true" />
      <val name="value" val="{com.example.androidtvlibrary.main.adapter.player.RepeatModeUtil.REPEAT_TOGGLE_MODE_NONE, com.example.androidtvlibrary.main.adapter.player.RepeatModeUtil.REPEAT_TOGGLE_MODE_ONE, com.example.androidtvlibrary.main.adapter.player.RepeatModeUtil.REPEAT_TOGGLE_MODE_ALL}" />
    </annotation>
  </item>
  <item name="com.example.androidtvlibrary.main.adapter.player.PlayerControlView int getRepeatToggleModes()">
    <annotation name="androidx.annotation.IntDef">
      <val name="flag" val="true" />
      <val name="value" val="{com.example.androidtvlibrary.main.adapter.player.RepeatModeUtil.REPEAT_TOGGLE_MODE_NONE, com.example.androidtvlibrary.main.adapter.player.RepeatModeUtil.REPEAT_TOGGLE_MODE_ONE, com.example.androidtvlibrary.main.adapter.player.RepeatModeUtil.REPEAT_TOGGLE_MODE_ALL}" />
    </annotation>
  </item>
  <item name="com.example.androidtvlibrary.main.adapter.player.PlayerControlView repeatToggleModes">
    <annotation name="androidx.annotation.IntDef">
      <val name="flag" val="true" />
      <val name="value" val="{com.example.androidtvlibrary.main.adapter.player.RepeatModeUtil.REPEAT_TOGGLE_MODE_NONE, com.example.androidtvlibrary.main.adapter.player.RepeatModeUtil.REPEAT_TOGGLE_MODE_ONE, com.example.androidtvlibrary.main.adapter.player.RepeatModeUtil.REPEAT_TOGGLE_MODE_ALL}" />
    </annotation>
  </item>
  <item name="com.example.androidtvlibrary.main.adapter.player.PlayerControlView void setRepeatToggleModes(int) 0">
    <annotation name="androidx.annotation.IntDef">
      <val name="flag" val="true" />
      <val name="value" val="{com.example.androidtvlibrary.main.adapter.player.RepeatModeUtil.REPEAT_TOGGLE_MODE_NONE, com.example.androidtvlibrary.main.adapter.player.RepeatModeUtil.REPEAT_TOGGLE_MODE_ONE, com.example.androidtvlibrary.main.adapter.player.RepeatModeUtil.REPEAT_TOGGLE_MODE_ALL}" />
    </annotation>
  </item>
  <item name="com.example.androidtvlibrary.main.adapter.player.PlayerControlView.ComponentListener void onPlayerStateChanged(boolean, int) 1">
    <annotation name="androidx.annotation.IntDef">
      <val name="value" val="{com.example.androidtvlibrary.main.adapter.TestPlayer.STATE_IDLE, com.example.androidtvlibrary.main.adapter.TestPlayer.STATE_BUFFERING, com.example.androidtvlibrary.main.adapter.TestPlayer.STATE_READY, com.example.androidtvlibrary.main.adapter.TestPlayer.STATE_ENDED}" />
    </annotation>
  </item>
  <item name="com.example.androidtvlibrary.main.adapter.player.PlayerControlView.ComponentListener void onPositionDiscontinuity(int) 0">
    <annotation name="androidx.annotation.IntDef">
      <val name="value" val="{com.example.androidtvlibrary.main.adapter.TestPlayer.DISCONTINUITY_REASON_PERIOD_TRANSITION, com.example.androidtvlibrary.main.adapter.TestPlayer.DISCONTINUITY_REASON_SEEK, com.example.androidtvlibrary.main.adapter.TestPlayer.DISCONTINUITY_REASON_SEEK_ADJUSTMENT, com.example.androidtvlibrary.main.adapter.TestPlayer.DISCONTINUITY_REASON_AD_INSERTION, com.example.androidtvlibrary.main.adapter.TestPlayer.DISCONTINUITY_REASON_INTERNAL}" />
    </annotation>
  </item>
  <item name="com.example.androidtvlibrary.main.adapter.player.PlayerControlView.ComponentListener void onTimelineChanged(com.example.androidtvlibrary.main.adapter.Timeline, int) 1">
    <annotation name="androidx.annotation.IntDef">
      <val name="value" val="{com.example.androidtvlibrary.main.adapter.TestPlayer.TIMELINE_CHANGE_REASON_PREPARED, com.example.androidtvlibrary.main.adapter.TestPlayer.TIMELINE_CHANGE_REASON_RESET, com.example.androidtvlibrary.main.adapter.TestPlayer.TIMELINE_CHANGE_REASON_DYNAMIC}" />
    </annotation>
  </item>
  <item name="com.example.androidtvlibrary.main.adapter.player.Projection com.example.androidtvlibrary.main.adapter.player.Projection createEquirectangular(float, int, int, float, float, int) 5">
    <annotation name="androidx.annotation.IntDef">
      <val name="value" val="{com.example.androidtvlibrary.main.adapter.Format.NO_VALUE, com.example.androidtvlibrary.main.adapter.C.STEREO_MODE_MONO, com.example.androidtvlibrary.main.adapter.C.STEREO_MODE_TOP_BOTTOM, com.example.androidtvlibrary.main.adapter.C.STEREO_MODE_LEFT_RIGHT, com.example.androidtvlibrary.main.adapter.C.STEREO_MODE_STEREO_MESH}" />
    </annotation>
  </item>
  <item name="com.example.androidtvlibrary.main.adapter.player.Projection com.example.androidtvlibrary.main.adapter.player.Projection createEquirectangular(int) 0">
    <annotation name="androidx.annotation.IntDef">
      <val name="value" val="{com.example.androidtvlibrary.main.adapter.Format.NO_VALUE, com.example.androidtvlibrary.main.adapter.C.STEREO_MODE_MONO, com.example.androidtvlibrary.main.adapter.C.STEREO_MODE_TOP_BOTTOM, com.example.androidtvlibrary.main.adapter.C.STEREO_MODE_LEFT_RIGHT, com.example.androidtvlibrary.main.adapter.C.STEREO_MODE_STEREO_MESH}" />
    </annotation>
  </item>
  <item name="com.example.androidtvlibrary.main.adapter.player.Projection stereoMode">
    <annotation name="androidx.annotation.IntDef">
      <val name="value" val="{com.example.androidtvlibrary.main.adapter.Format.NO_VALUE, com.example.androidtvlibrary.main.adapter.C.STEREO_MODE_MONO, com.example.androidtvlibrary.main.adapter.C.STEREO_MODE_TOP_BOTTOM, com.example.androidtvlibrary.main.adapter.C.STEREO_MODE_LEFT_RIGHT, com.example.androidtvlibrary.main.adapter.C.STEREO_MODE_STEREO_MESH}" />
    </annotation>
  </item>
  <item name="com.example.androidtvlibrary.main.adapter.player.Projection.DrawMode">
    <annotation name="androidx.annotation.IntDef">
      <val name="value" val="{com.example.androidtvlibrary.main.adapter.player.Projection.DRAW_MODE_TRIANGLES, com.example.androidtvlibrary.main.adapter.player.Projection.DRAW_MODE_TRIANGLES_STRIP, com.example.androidtvlibrary.main.adapter.player.Projection.DRAW_MODE_TRIANGLES_FAN}" />
    </annotation>
  </item>
  <item name="com.example.androidtvlibrary.main.adapter.player.Projection.SubMesh SubMesh(int, float[], float[], int) 3">
    <annotation name="androidx.annotation.IntDef">
      <val name="value" val="{com.example.androidtvlibrary.main.adapter.player.Projection.DRAW_MODE_TRIANGLES, com.example.androidtvlibrary.main.adapter.player.Projection.DRAW_MODE_TRIANGLES_STRIP, com.example.androidtvlibrary.main.adapter.player.Projection.DRAW_MODE_TRIANGLES_FAN}" />
    </annotation>
  </item>
  <item name="com.example.androidtvlibrary.main.adapter.player.Projection.SubMesh mode">
    <annotation name="androidx.annotation.IntDef">
      <val name="value" val="{com.example.androidtvlibrary.main.adapter.player.Projection.DRAW_MODE_TRIANGLES, com.example.androidtvlibrary.main.adapter.player.Projection.DRAW_MODE_TRIANGLES_STRIP, com.example.androidtvlibrary.main.adapter.player.Projection.DRAW_MODE_TRIANGLES_FAN}" />
    </annotation>
  </item>
  <item name="com.example.androidtvlibrary.main.adapter.player.ProjectionDecoder com.example.androidtvlibrary.main.adapter.player.Projection decode(byte[], int) 1">
    <annotation name="androidx.annotation.IntDef">
      <val name="value" val="{com.example.androidtvlibrary.main.adapter.Format.NO_VALUE, com.example.androidtvlibrary.main.adapter.C.STEREO_MODE_MONO, com.example.androidtvlibrary.main.adapter.C.STEREO_MODE_TOP_BOTTOM, com.example.androidtvlibrary.main.adapter.C.STEREO_MODE_LEFT_RIGHT, com.example.androidtvlibrary.main.adapter.C.STEREO_MODE_STEREO_MESH}" />
    </annotation>
  </item>
  <item name="com.example.androidtvlibrary.main.adapter.player.RepeatModeUtil boolean isRepeatModeEnabled(int, int) 0">
    <annotation name="androidx.annotation.IntDef">
      <val name="value" val="{com.example.androidtvlibrary.main.adapter.TestPlayer.REPEAT_MODE_OFF, com.example.androidtvlibrary.main.adapter.TestPlayer.REPEAT_MODE_ONE, com.example.androidtvlibrary.main.adapter.TestPlayer.REPEAT_MODE_ALL}" />
    </annotation>
  </item>
  <item name="com.example.androidtvlibrary.main.adapter.player.RepeatModeUtil int getNextRepeatMode(int, int)">
    <annotation name="androidx.annotation.IntDef">
      <val name="value" val="{com.example.androidtvlibrary.main.adapter.TestPlayer.REPEAT_MODE_OFF, com.example.androidtvlibrary.main.adapter.TestPlayer.REPEAT_MODE_ONE, com.example.androidtvlibrary.main.adapter.TestPlayer.REPEAT_MODE_ALL}" />
    </annotation>
  </item>
  <item name="com.example.androidtvlibrary.main.adapter.player.RepeatModeUtil int getNextRepeatMode(int, int) 0">
    <annotation name="androidx.annotation.IntDef">
      <val name="value" val="{com.example.androidtvlibrary.main.adapter.TestPlayer.REPEAT_MODE_OFF, com.example.androidtvlibrary.main.adapter.TestPlayer.REPEAT_MODE_ONE, com.example.androidtvlibrary.main.adapter.TestPlayer.REPEAT_MODE_ALL}" />
    </annotation>
  </item>
  <item name="com.example.androidtvlibrary.main.adapter.player.RepeatModeUtil.RepeatToggleModes">
    <annotation name="androidx.annotation.IntDef">
      <val name="flag" val="true" />
      <val name="value" val="{com.example.androidtvlibrary.main.adapter.player.RepeatModeUtil.REPEAT_TOGGLE_MODE_NONE, com.example.androidtvlibrary.main.adapter.player.RepeatModeUtil.REPEAT_TOGGLE_MODE_ONE, com.example.androidtvlibrary.main.adapter.player.RepeatModeUtil.REPEAT_TOGGLE_MODE_ALL}" />
    </annotation>
  </item>
  <item name="com.example.androidtvlibrary.main.adapter.player.SceneRenderer defaultStereoMode">
    <annotation name="androidx.annotation.IntDef">
      <val name="value" val="{com.example.androidtvlibrary.main.adapter.Format.NO_VALUE, com.example.androidtvlibrary.main.adapter.C.STEREO_MODE_MONO, com.example.androidtvlibrary.main.adapter.C.STEREO_MODE_TOP_BOTTOM, com.example.androidtvlibrary.main.adapter.C.STEREO_MODE_LEFT_RIGHT, com.example.androidtvlibrary.main.adapter.C.STEREO_MODE_STEREO_MESH}" />
    </annotation>
  </item>
  <item name="com.example.androidtvlibrary.main.adapter.player.SceneRenderer lastStereoMode">
    <annotation name="androidx.annotation.IntDef">
      <val name="value" val="{com.example.androidtvlibrary.main.adapter.Format.NO_VALUE, com.example.androidtvlibrary.main.adapter.C.STEREO_MODE_MONO, com.example.androidtvlibrary.main.adapter.C.STEREO_MODE_TOP_BOTTOM, com.example.androidtvlibrary.main.adapter.C.STEREO_MODE_LEFT_RIGHT, com.example.androidtvlibrary.main.adapter.C.STEREO_MODE_STEREO_MESH}" />
    </annotation>
  </item>
  <item name="com.example.androidtvlibrary.main.adapter.player.SceneRenderer void setDefaultStereoMode(int) 0">
    <annotation name="androidx.annotation.IntDef">
      <val name="value" val="{com.example.androidtvlibrary.main.adapter.Format.NO_VALUE, com.example.androidtvlibrary.main.adapter.C.STEREO_MODE_MONO, com.example.androidtvlibrary.main.adapter.C.STEREO_MODE_TOP_BOTTOM, com.example.androidtvlibrary.main.adapter.C.STEREO_MODE_LEFT_RIGHT, com.example.androidtvlibrary.main.adapter.C.STEREO_MODE_STEREO_MESH}" />
    </annotation>
  </item>
  <item name="com.example.androidtvlibrary.main.adapter.player.SceneRenderer void setProjection(byte[], int, long) 1">
    <annotation name="androidx.annotation.IntDef">
      <val name="value" val="{com.example.androidtvlibrary.main.adapter.Format.NO_VALUE, com.example.androidtvlibrary.main.adapter.C.STEREO_MODE_MONO, com.example.androidtvlibrary.main.adapter.C.STEREO_MODE_TOP_BOTTOM, com.example.androidtvlibrary.main.adapter.C.STEREO_MODE_LEFT_RIGHT, com.example.androidtvlibrary.main.adapter.C.STEREO_MODE_STEREO_MESH}" />
    </annotation>
  </item>
  <item name="com.example.androidtvlibrary.main.adapter.player.SilenceSkippingAudioProcessor state">
    <annotation name="androidx.annotation.IntDef">
      <val name="value" val="{com.example.androidtvlibrary.main.adapter.player.SilenceSkippingAudioProcessor.STATE_NOISY, com.example.androidtvlibrary.main.adapter.player.SilenceSkippingAudioProcessor.STATE_MAYBE_SILENT, com.example.androidtvlibrary.main.adapter.player.SilenceSkippingAudioProcessor.STATE_SILENT}" />
    </annotation>
  </item>
  <item name="com.example.androidtvlibrary.main.adapter.player.SphericalGLSurfaceView void setDefaultStereoMode(int) 0">
    <annotation name="androidx.annotation.IntDef">
      <val name="value" val="{com.example.androidtvlibrary.main.adapter.Format.NO_VALUE, com.example.androidtvlibrary.main.adapter.C.STEREO_MODE_MONO, com.example.androidtvlibrary.main.adapter.C.STEREO_MODE_TOP_BOTTOM, com.example.androidtvlibrary.main.adapter.C.STEREO_MODE_LEFT_RIGHT, com.example.androidtvlibrary.main.adapter.C.STEREO_MODE_STEREO_MESH}" />
    </annotation>
  </item>
  <item name="com.example.androidtvlibrary.main.adapter.player.TextRenderer decoderReplacementState">
    <annotation name="androidx.annotation.IntDef">
      <val name="value" val="{com.example.androidtvlibrary.main.adapter.player.TextRenderer.REPLACEMENT_STATE_NONE, com.example.androidtvlibrary.main.adapter.player.TextRenderer.REPLACEMENT_STATE_SIGNAL_END_OF_STREAM, com.example.androidtvlibrary.main.adapter.player.TextRenderer.REPLACEMENT_STATE_WAIT_END_OF_STREAM}" />
    </annotation>
  </item>
  <item name="com.example.androidtvlibrary.main.adapter.player.TextRenderer int supportsFormat(com.example.androidtvlibrary.main.adapter.Format)">
  </item>
  <item name="com.example.androidtvlibrary.main.adapter.player.TrimmingAudioProcessor OUTPUT_ENCODING">
    <annotation name="androidx.annotation.IntDef">
      <val name="value" val="{com.example.androidtvlibrary.main.adapter.Format.NO_VALUE, com.example.androidtvlibrary.main.adapter.C.ENCODING_INVALID, com.example.androidtvlibrary.main.adapter.C.ENCODING_PCM_8BIT, com.example.androidtvlibrary.main.adapter.C.ENCODING_PCM_16BIT, com.example.androidtvlibrary.main.adapter.C.ENCODING_PCM_16BIT_BIG_ENDIAN, com.example.androidtvlibrary.main.adapter.C.ENCODING_PCM_24BIT, com.example.androidtvlibrary.main.adapter.C.ENCODING_PCM_32BIT, com.example.androidtvlibrary.main.adapter.C.ENCODING_PCM_FLOAT}" />
    </annotation>
  </item>
</root>

