<?xml version="1.0" encoding="UTF-8"?>
<root>
  <item name="com.example.androidtvlibrary.main.adapter.wow.Buffer boolean getFlag(int) 0">
    <annotation name="androidx.annotation.IntDef">
      <val name="flag" val="true" />
      <val name="value" val="{com.example.androidtvlibrary.main.adapter.C.BUFFER_FLAG_KEY_FRAME, com.example.androidtvlibrary.main.adapter.C.BUFFER_FLAG_END_OF_STREAM, com.example.androidtvlibrary.main.adapter.C.BUFFER_FLAG_HAS_SUPPLEMENTAL_DATA, com.example.androidtvlibrary.main.adapter.C.BUFFER_FLAG_LAST_SAMPLE, com.example.androidtvlibrary.main.adapter.C.BUFFER_FLAG_ENCRYPTED, com.example.androidtvlibrary.main.adapter.C.BUFFER_FLAG_DECODE_ONLY}" />
    </annotation>
  </item>
  <item name="com.example.androidtvlibrary.main.adapter.wow.Buffer flags">
    <annotation name="androidx.annotation.IntDef">
      <val name="flag" val="true" />
      <val name="value" val="{com.example.androidtvlibrary.main.adapter.C.BUFFER_FLAG_KEY_FRAME, com.example.androidtvlibrary.main.adapter.C.BUFFER_FLAG_END_OF_STREAM, com.example.androidtvlibrary.main.adapter.C.BUFFER_FLAG_HAS_SUPPLEMENTAL_DATA, com.example.androidtvlibrary.main.adapter.C.BUFFER_FLAG_LAST_SAMPLE, com.example.androidtvlibrary.main.adapter.C.BUFFER_FLAG_ENCRYPTED, com.example.androidtvlibrary.main.adapter.C.BUFFER_FLAG_DECODE_ONLY}" />
    </annotation>
  </item>
  <item name="com.example.androidtvlibrary.main.adapter.wow.Buffer void addFlag(int) 0">
    <annotation name="androidx.annotation.IntDef">
      <val name="flag" val="true" />
      <val name="value" val="{com.example.androidtvlibrary.main.adapter.C.BUFFER_FLAG_KEY_FRAME, com.example.androidtvlibrary.main.adapter.C.BUFFER_FLAG_END_OF_STREAM, com.example.androidtvlibrary.main.adapter.C.BUFFER_FLAG_HAS_SUPPLEMENTAL_DATA, com.example.androidtvlibrary.main.adapter.C.BUFFER_FLAG_LAST_SAMPLE, com.example.androidtvlibrary.main.adapter.C.BUFFER_FLAG_ENCRYPTED, com.example.androidtvlibrary.main.adapter.C.BUFFER_FLAG_DECODE_ONLY}" />
    </annotation>
  </item>
  <item name="com.example.androidtvlibrary.main.adapter.wow.Buffer void clearFlag(int) 0">
    <annotation name="androidx.annotation.IntDef">
      <val name="flag" val="true" />
      <val name="value" val="{com.example.androidtvlibrary.main.adapter.C.BUFFER_FLAG_KEY_FRAME, com.example.androidtvlibrary.main.adapter.C.BUFFER_FLAG_END_OF_STREAM, com.example.androidtvlibrary.main.adapter.C.BUFFER_FLAG_HAS_SUPPLEMENTAL_DATA, com.example.androidtvlibrary.main.adapter.C.BUFFER_FLAG_LAST_SAMPLE, com.example.androidtvlibrary.main.adapter.C.BUFFER_FLAG_ENCRYPTED, com.example.androidtvlibrary.main.adapter.C.BUFFER_FLAG_DECODE_ONLY}" />
    </annotation>
  </item>
  <item name="com.example.androidtvlibrary.main.adapter.wow.Buffer void setFlags(int) 0">
    <annotation name="androidx.annotation.IntDef">
      <val name="flag" val="true" />
      <val name="value" val="{com.example.androidtvlibrary.main.adapter.C.BUFFER_FLAG_KEY_FRAME, com.example.androidtvlibrary.main.adapter.C.BUFFER_FLAG_END_OF_STREAM, com.example.androidtvlibrary.main.adapter.C.BUFFER_FLAG_HAS_SUPPLEMENTAL_DATA, com.example.androidtvlibrary.main.adapter.C.BUFFER_FLAG_LAST_SAMPLE, com.example.androidtvlibrary.main.adapter.C.BUFFER_FLAG_ENCRYPTED, com.example.androidtvlibrary.main.adapter.C.BUFFER_FLAG_DECODE_ONLY}" />
    </annotation>
  </item>
  <item name="com.example.androidtvlibrary.main.adapter.wow.DecoderInputBuffer DecoderInputBuffer(int) 0">
    <annotation name="androidx.annotation.IntDef">
      <val name="value" val="{com.example.androidtvlibrary.main.adapter.wow.DecoderInputBuffer.BUFFER_REPLACEMENT_MODE_DISABLED, com.example.androidtvlibrary.main.adapter.wow.DecoderInputBuffer.BUFFER_REPLACEMENT_MODE_NORMAL, com.example.androidtvlibrary.main.adapter.wow.DecoderInputBuffer.BUFFER_REPLACEMENT_MODE_DIRECT}" />
    </annotation>
  </item>
  <item name="com.example.androidtvlibrary.main.adapter.wow.DecoderInputBuffer bufferReplacementMode">
    <annotation name="androidx.annotation.IntDef">
      <val name="value" val="{com.example.androidtvlibrary.main.adapter.wow.DecoderInputBuffer.BUFFER_REPLACEMENT_MODE_DISABLED, com.example.androidtvlibrary.main.adapter.wow.DecoderInputBuffer.BUFFER_REPLACEMENT_MODE_NORMAL, com.example.androidtvlibrary.main.adapter.wow.DecoderInputBuffer.BUFFER_REPLACEMENT_MODE_DIRECT}" />
    </annotation>
  </item>
  <item name="com.example.androidtvlibrary.main.adapter.wow.DecoderInputBuffer.BufferReplacementMode">
    <annotation name="androidx.annotation.IntDef">
      <val name="value" val="{com.example.androidtvlibrary.main.adapter.wow.DecoderInputBuffer.BUFFER_REPLACEMENT_MODE_DISABLED, com.example.androidtvlibrary.main.adapter.wow.DecoderInputBuffer.BUFFER_REPLACEMENT_MODE_NORMAL, com.example.androidtvlibrary.main.adapter.wow.DecoderInputBuffer.BUFFER_REPLACEMENT_MODE_DIRECT}" />
    </annotation>
  </item>
  <item name="com.example.androidtvlibrary.main.adapter.wow.DefaultBandwidthMeter long getInitialBitrateEstimateForNetworkType(int) 0">
    <annotation name="androidx.annotation.IntDef">
      <val name="value" val="{com.example.androidtvlibrary.main.adapter.C.NETWORK_TYPE_UNKNOWN, com.example.androidtvlibrary.main.adapter.C.NETWORK_TYPE_OFFLINE, com.example.androidtvlibrary.main.adapter.C.NETWORK_TYPE_WIFI, com.example.androidtvlibrary.main.adapter.C.NETWORK_TYPE_2G, com.example.androidtvlibrary.main.adapter.C.NETWORK_TYPE_3G, com.example.androidtvlibrary.main.adapter.C.NETWORK_TYPE_4G, com.example.androidtvlibrary.main.adapter.C.NETWORK_TYPE_5G, com.example.androidtvlibrary.main.adapter.C.NETWORK_TYPE_CELLULAR_UNKNOWN, com.example.androidtvlibrary.main.adapter.C.NETWORK_TYPE_ETHERNET, com.example.androidtvlibrary.main.adapter.C.NETWORK_TYPE_OTHER}" />
    </annotation>
  </item>
  <item name="com.example.androidtvlibrary.main.adapter.wow.DefaultBandwidthMeter networkType">
    <annotation name="androidx.annotation.IntDef">
      <val name="value" val="{com.example.androidtvlibrary.main.adapter.C.NETWORK_TYPE_UNKNOWN, com.example.androidtvlibrary.main.adapter.C.NETWORK_TYPE_OFFLINE, com.example.androidtvlibrary.main.adapter.C.NETWORK_TYPE_WIFI, com.example.androidtvlibrary.main.adapter.C.NETWORK_TYPE_2G, com.example.androidtvlibrary.main.adapter.C.NETWORK_TYPE_3G, com.example.androidtvlibrary.main.adapter.C.NETWORK_TYPE_4G, com.example.androidtvlibrary.main.adapter.C.NETWORK_TYPE_5G, com.example.androidtvlibrary.main.adapter.C.NETWORK_TYPE_CELLULAR_UNKNOWN, com.example.androidtvlibrary.main.adapter.C.NETWORK_TYPE_ETHERNET, com.example.androidtvlibrary.main.adapter.C.NETWORK_TYPE_OTHER}" />
    </annotation>
  </item>
  <item name="com.example.androidtvlibrary.main.adapter.wow.DefaultBandwidthMeter networkTypeOverride">
    <annotation name="androidx.annotation.IntDef">
      <val name="value" val="{com.example.androidtvlibrary.main.adapter.C.NETWORK_TYPE_UNKNOWN, com.example.androidtvlibrary.main.adapter.C.NETWORK_TYPE_OFFLINE, com.example.androidtvlibrary.main.adapter.C.NETWORK_TYPE_WIFI, com.example.androidtvlibrary.main.adapter.C.NETWORK_TYPE_2G, com.example.androidtvlibrary.main.adapter.C.NETWORK_TYPE_3G, com.example.androidtvlibrary.main.adapter.C.NETWORK_TYPE_4G, com.example.androidtvlibrary.main.adapter.C.NETWORK_TYPE_5G, com.example.androidtvlibrary.main.adapter.C.NETWORK_TYPE_CELLULAR_UNKNOWN, com.example.androidtvlibrary.main.adapter.C.NETWORK_TYPE_ETHERNET, com.example.androidtvlibrary.main.adapter.C.NETWORK_TYPE_OTHER}" />
    </annotation>
  </item>
  <item name="com.example.androidtvlibrary.main.adapter.wow.DefaultBandwidthMeter void setNetworkTypeOverride(int) 0">
    <annotation name="androidx.annotation.IntDef">
      <val name="value" val="{com.example.androidtvlibrary.main.adapter.C.NETWORK_TYPE_UNKNOWN, com.example.androidtvlibrary.main.adapter.C.NETWORK_TYPE_OFFLINE, com.example.androidtvlibrary.main.adapter.C.NETWORK_TYPE_WIFI, com.example.androidtvlibrary.main.adapter.C.NETWORK_TYPE_2G, com.example.androidtvlibrary.main.adapter.C.NETWORK_TYPE_3G, com.example.androidtvlibrary.main.adapter.C.NETWORK_TYPE_4G, com.example.androidtvlibrary.main.adapter.C.NETWORK_TYPE_5G, com.example.androidtvlibrary.main.adapter.C.NETWORK_TYPE_CELLULAR_UNKNOWN, com.example.androidtvlibrary.main.adapter.C.NETWORK_TYPE_ETHERNET, com.example.androidtvlibrary.main.adapter.C.NETWORK_TYPE_OTHER}" />
    </annotation>
  </item>
  <item name="com.example.androidtvlibrary.main.adapter.wow.DefaultBandwidthMeter.Builder com.example.androidtvlibrary.main.adapter.wow.DefaultBandwidthMeter.Builder setInitialBitrateEstimate(int, long) 0">
    <annotation name="androidx.annotation.IntDef">
      <val name="value" val="{com.example.androidtvlibrary.main.adapter.C.NETWORK_TYPE_UNKNOWN, com.example.androidtvlibrary.main.adapter.C.NETWORK_TYPE_OFFLINE, com.example.androidtvlibrary.main.adapter.C.NETWORK_TYPE_WIFI, com.example.androidtvlibrary.main.adapter.C.NETWORK_TYPE_2G, com.example.androidtvlibrary.main.adapter.C.NETWORK_TYPE_3G, com.example.androidtvlibrary.main.adapter.C.NETWORK_TYPE_4G, com.example.androidtvlibrary.main.adapter.C.NETWORK_TYPE_5G, com.example.androidtvlibrary.main.adapter.C.NETWORK_TYPE_CELLULAR_UNKNOWN, com.example.androidtvlibrary.main.adapter.C.NETWORK_TYPE_ETHERNET, com.example.androidtvlibrary.main.adapter.C.NETWORK_TYPE_OTHER}" />
    </annotation>
  </item>
  <item name="com.example.androidtvlibrary.main.adapter.wow.DefaultTrackSelector.Parameters Parameters(int, int, int, int, boolean, boolean, boolean, int, int, boolean, java.lang.String, int, int, boolean, boolean, boolean, boolean, java.lang.String, int, boolean, int, boolean, boolean, boolean, int, android.util.SparseArray&lt;java.util.Map&lt;com.example.androidtvlibrary.main.adapter.TrackGroupArray,com.example.androidtvlibrary.main.adapter.wow.DefaultTrackSelector.SelectionOverride&gt;&gt;, android.util.SparseBooleanArray) 18">
    <annotation name="androidx.annotation.IntDef">
      <val name="flag" val="true" />
      <val name="value" val="{com.example.androidtvlibrary.main.adapter.C.ROLE_FLAG_MAIN, com.example.androidtvlibrary.main.adapter.C.ROLE_FLAG_ALTERNATE, com.example.androidtvlibrary.main.adapter.C.ROLE_FLAG_SUPPLEMENTARY, com.example.androidtvlibrary.main.adapter.C.ROLE_FLAG_COMMENTARY, com.example.androidtvlibrary.main.adapter.C.ROLE_FLAG_DUB, com.example.androidtvlibrary.main.adapter.C.ROLE_FLAG_EMERGENCY, com.example.androidtvlibrary.main.adapter.C.ROLE_FLAG_CAPTION, com.example.androidtvlibrary.main.adapter.C.ROLE_FLAG_SUBTITLE, com.example.androidtvlibrary.main.adapter.C.ROLE_FLAG_SIGN, com.example.androidtvlibrary.main.adapter.C.ROLE_FLAG_DESCRIBES_VIDEO, com.example.androidtvlibrary.main.adapter.C.ROLE_FLAG_DESCRIBES_MUSIC_AND_SOUND, com.example.androidtvlibrary.main.adapter.C.ROLE_FLAG_ENHANCED_DIALOG_INTELLIGIBILITY, com.example.androidtvlibrary.main.adapter.C.ROLE_FLAG_TRANSCRIBES_DIALOG, com.example.androidtvlibrary.main.adapter.C.ROLE_FLAG_EASY_TO_READ, com.example.androidtvlibrary.main.adapter.C.ROLE_FLAG_TRICK_PLAY}" />
    </annotation>
  </item>
  <item name="com.example.androidtvlibrary.main.adapter.wow.DefaultTrackSelector.Parameters Parameters(int, int, int, int, boolean, boolean, boolean, int, int, boolean, java.lang.String, int, int, boolean, boolean, boolean, boolean, java.lang.String, int, boolean, int, boolean, boolean, boolean, int, android.util.SparseArray&lt;java.util.Map&lt;com.example.androidtvlibrary.main.adapter.TrackGroupArray,com.example.androidtvlibrary.main.adapter.wow.DefaultTrackSelector.SelectionOverride&gt;&gt;, android.util.SparseBooleanArray) 20">
    <annotation name="androidx.annotation.IntDef">
      <val name="flag" val="true" />
      <val name="value" val="{com.example.androidtvlibrary.main.adapter.C.SELECTION_FLAG_DEFAULT, com.example.androidtvlibrary.main.adapter.C.SELECTION_FLAG_FORCED, com.example.androidtvlibrary.main.adapter.C.SELECTION_FLAG_AUTOSELECT}" />
    </annotation>
  </item>
  <item name="com.example.androidtvlibrary.main.adapter.wow.DefaultTrackSelector.ParametersBuilder com.example.androidtvlibrary.main.adapter.wow.DefaultTrackSelector.ParametersBuilder setDisabledTextTrackSelectionFlags(int) 0">
    <annotation name="androidx.annotation.IntDef">
      <val name="flag" val="true" />
      <val name="value" val="{com.example.androidtvlibrary.main.adapter.C.SELECTION_FLAG_DEFAULT, com.example.androidtvlibrary.main.adapter.C.SELECTION_FLAG_FORCED, com.example.androidtvlibrary.main.adapter.C.SELECTION_FLAG_AUTOSELECT}" />
    </annotation>
  </item>
  <item name="com.example.androidtvlibrary.main.adapter.wow.DefaultTrackSelector.ParametersBuilder com.example.androidtvlibrary.main.adapter.wow.DefaultTrackSelector.ParametersBuilder setPreferredTextRoleFlags(int) 0">
    <annotation name="androidx.annotation.IntDef">
      <val name="flag" val="true" />
      <val name="value" val="{com.example.androidtvlibrary.main.adapter.C.ROLE_FLAG_MAIN, com.example.androidtvlibrary.main.adapter.C.ROLE_FLAG_ALTERNATE, com.example.androidtvlibrary.main.adapter.C.ROLE_FLAG_SUPPLEMENTARY, com.example.androidtvlibrary.main.adapter.C.ROLE_FLAG_COMMENTARY, com.example.androidtvlibrary.main.adapter.C.ROLE_FLAG_DUB, com.example.androidtvlibrary.main.adapter.C.ROLE_FLAG_EMERGENCY, com.example.androidtvlibrary.main.adapter.C.ROLE_FLAG_CAPTION, com.example.androidtvlibrary.main.adapter.C.ROLE_FLAG_SUBTITLE, com.example.androidtvlibrary.main.adapter.C.ROLE_FLAG_SIGN, com.example.androidtvlibrary.main.adapter.C.ROLE_FLAG_DESCRIBES_VIDEO, com.example.androidtvlibrary.main.adapter.C.ROLE_FLAG_DESCRIBES_MUSIC_AND_SOUND, com.example.androidtvlibrary.main.adapter.C.ROLE_FLAG_ENHANCED_DIALOG_INTELLIGIBILITY, com.example.androidtvlibrary.main.adapter.C.ROLE_FLAG_TRANSCRIBES_DIALOG, com.example.androidtvlibrary.main.adapter.C.ROLE_FLAG_EASY_TO_READ, com.example.androidtvlibrary.main.adapter.C.ROLE_FLAG_TRICK_PLAY}" />
    </annotation>
  </item>
  <item name="com.example.androidtvlibrary.main.adapter.wow.DrmSession int getState()">
    <annotation name="androidx.annotation.IntDef">
      <val name="value" val="{com.example.androidtvlibrary.main.adapter.wow.DrmSession.STATE_RELEASED, com.example.androidtvlibrary.main.adapter.wow.DrmSession.STATE_ERROR, com.example.androidtvlibrary.main.adapter.wow.DrmSession.STATE_OPENING, com.example.androidtvlibrary.main.adapter.wow.DrmSession.STATE_OPENED, com.example.androidtvlibrary.main.adapter.wow.DrmSession.STATE_OPENED_WITH_KEYS}" />
    </annotation>
  </item>
  <item name="com.example.androidtvlibrary.main.adapter.wow.DrmSession.State">
    <annotation name="androidx.annotation.IntDef">
      <val name="value" val="{com.example.androidtvlibrary.main.adapter.wow.DrmSession.STATE_RELEASED, com.example.androidtvlibrary.main.adapter.wow.DrmSession.STATE_ERROR, com.example.androidtvlibrary.main.adapter.wow.DrmSession.STATE_OPENING, com.example.androidtvlibrary.main.adapter.wow.DrmSession.STATE_OPENED, com.example.androidtvlibrary.main.adapter.wow.DrmSession.STATE_OPENED_WITH_KEYS}" />
    </annotation>
  </item>
  <item name="com.example.androidtvlibrary.main.adapter.wow.FixedTrackSelection FixedTrackSelection(com.example.androidtvlibrary.main.adapter.TrackGroup, int, int) 2">
    <annotation name="androidx.annotation.IntDef">
      <val name="open" val="true" />
      <val name="value" val="{com.example.androidtvlibrary.main.adapter.TrackSelection.TYPE_UNSET}" />
    </annotation>
  </item>
  <item name="com.example.androidtvlibrary.main.adapter.wow.FixedTrackSelection FixedTrackSelection(com.example.androidtvlibrary.main.adapter.TrackGroup, int, int, int, java.lang.Object) 2">
    <annotation name="androidx.annotation.IntDef">
      <val name="open" val="true" />
      <val name="value" val="{com.example.androidtvlibrary.main.adapter.TrackSelection.TYPE_UNSET}" />
    </annotation>
  </item>
  <item name="com.example.androidtvlibrary.main.adapter.wow.MappingTrackSelector android.util.Pair&lt;com.example.androidtvlibrary.main.adapter.wow.RendererConfiguration[],com.example.androidtvlibrary.main.adapter.TrackSelection[]&gt; selectTracks(com.example.androidtvlibrary.main.adapter.wow.MappingTrackSelector.MappedTrackInfo, int[][][], int[]) 1">
  </item>
  <item name="com.example.androidtvlibrary.main.adapter.wow.MappingTrackSelector android.util.Pair&lt;com.example.androidtvlibrary.main.adapter.wow.RendererConfiguration[],com.example.androidtvlibrary.main.adapter.TrackSelection[]&gt; selectTracks(com.example.androidtvlibrary.main.adapter.wow.MappingTrackSelector.MappedTrackInfo, int[][][], int[]) 2">
    <annotation name="androidx.annotation.IntDef">
      <val name="value" val="{com.example.androidtvlibrary.main.adapter.wow.RendererCapabilities.ADAPTIVE_SEAMLESS, com.example.androidtvlibrary.main.adapter.wow.RendererCapabilities.ADAPTIVE_NOT_SEAMLESS, com.example.androidtvlibrary.main.adapter.wow.RendererCapabilities.ADAPTIVE_NOT_SUPPORTED}" />
    </annotation>
  </item>
  <item name="com.example.androidtvlibrary.main.adapter.wow.MappingTrackSelector int[] getFormatSupport(com.example.androidtvlibrary.main.adapter.wow.RendererCapabilities, com.example.androidtvlibrary.main.adapter.TrackGroup)">
  </item>
  <item name="com.example.androidtvlibrary.main.adapter.wow.MappingTrackSelector int[] getMixedMimeTypeAdaptationSupports(com.example.androidtvlibrary.main.adapter.wow.RendererCapabilities[])">
    <annotation name="androidx.annotation.IntDef">
      <val name="value" val="{com.example.androidtvlibrary.main.adapter.wow.RendererCapabilities.ADAPTIVE_SEAMLESS, com.example.androidtvlibrary.main.adapter.wow.RendererCapabilities.ADAPTIVE_NOT_SEAMLESS, com.example.androidtvlibrary.main.adapter.wow.RendererCapabilities.ADAPTIVE_NOT_SUPPORTED}" />
    </annotation>
  </item>
  <item name="com.example.androidtvlibrary.main.adapter.wow.MappingTrackSelector.MappedTrackInfo MappedTrackInfo(int[], com.example.androidtvlibrary.main.adapter.TrackGroupArray[], int[], int[][][], com.example.androidtvlibrary.main.adapter.TrackGroupArray) 2">
    <annotation name="androidx.annotation.IntDef">
      <val name="value" val="{com.example.androidtvlibrary.main.adapter.wow.RendererCapabilities.ADAPTIVE_SEAMLESS, com.example.androidtvlibrary.main.adapter.wow.RendererCapabilities.ADAPTIVE_NOT_SEAMLESS, com.example.androidtvlibrary.main.adapter.wow.RendererCapabilities.ADAPTIVE_NOT_SUPPORTED}" />
    </annotation>
  </item>
  <item name="com.example.androidtvlibrary.main.adapter.wow.MappingTrackSelector.MappedTrackInfo MappedTrackInfo(int[], com.example.androidtvlibrary.main.adapter.TrackGroupArray[], int[], int[][][], com.example.androidtvlibrary.main.adapter.TrackGroupArray) 3">
  </item>
  <item name="com.example.androidtvlibrary.main.adapter.wow.MappingTrackSelector.MappedTrackInfo int getAdaptiveSupport(int, int, boolean)">
    <annotation name="androidx.annotation.IntDef">
      <val name="value" val="{com.example.androidtvlibrary.main.adapter.wow.RendererCapabilities.ADAPTIVE_SEAMLESS, com.example.androidtvlibrary.main.adapter.wow.RendererCapabilities.ADAPTIVE_NOT_SEAMLESS, com.example.androidtvlibrary.main.adapter.wow.RendererCapabilities.ADAPTIVE_NOT_SUPPORTED}" />
    </annotation>
  </item>
  <item name="com.example.androidtvlibrary.main.adapter.wow.MappingTrackSelector.MappedTrackInfo int getAdaptiveSupport(int, int, int[])">
    <annotation name="androidx.annotation.IntDef">
      <val name="value" val="{com.example.androidtvlibrary.main.adapter.wow.RendererCapabilities.ADAPTIVE_SEAMLESS, com.example.androidtvlibrary.main.adapter.wow.RendererCapabilities.ADAPTIVE_NOT_SEAMLESS, com.example.androidtvlibrary.main.adapter.wow.RendererCapabilities.ADAPTIVE_NOT_SUPPORTED}" />
    </annotation>
  </item>
  <item name="com.example.androidtvlibrary.main.adapter.wow.MappingTrackSelector.MappedTrackInfo int getRendererSupport(int)">
    <annotation name="androidx.annotation.IntDef">
      <val name="value" val="{com.example.androidtvlibrary.main.adapter.wow.MappingTrackSelector.MappedTrackInfo.RENDERER_SUPPORT_NO_TRACKS, com.example.androidtvlibrary.main.adapter.wow.MappingTrackSelector.MappedTrackInfo.RENDERER_SUPPORT_UNSUPPORTED_TRACKS, com.example.androidtvlibrary.main.adapter.wow.MappingTrackSelector.MappedTrackInfo.RENDERER_SUPPORT_EXCEEDS_CAPABILITIES_TRACKS, com.example.androidtvlibrary.main.adapter.wow.MappingTrackSelector.MappedTrackInfo.RENDERER_SUPPORT_PLAYABLE_TRACKS}" />
    </annotation>
  </item>
  <item name="com.example.androidtvlibrary.main.adapter.wow.MappingTrackSelector.MappedTrackInfo int getTrackFormatSupport(int, int, int)">
    <annotation name="androidx.annotation.IntDef">
      <val name="value" val="{com.example.androidtvlibrary.main.adapter.wow.RendererCapabilities.FORMAT_HANDLED, com.example.androidtvlibrary.main.adapter.wow.RendererCapabilities.FORMAT_EXCEEDS_CAPABILITIES, com.example.androidtvlibrary.main.adapter.wow.RendererCapabilities.FORMAT_UNSUPPORTED_DRM, com.example.androidtvlibrary.main.adapter.wow.RendererCapabilities.FORMAT_UNSUPPORTED_SUBTYPE, com.example.androidtvlibrary.main.adapter.wow.RendererCapabilities.FORMAT_UNSUPPORTED_TYPE}" />
    </annotation>
  </item>
  <item name="com.example.androidtvlibrary.main.adapter.wow.MappingTrackSelector.MappedTrackInfo int getTrackSupport(int, int, int)">
    <annotation name="androidx.annotation.IntDef">
      <val name="value" val="{com.example.androidtvlibrary.main.adapter.wow.RendererCapabilities.FORMAT_HANDLED, com.example.androidtvlibrary.main.adapter.wow.RendererCapabilities.FORMAT_EXCEEDS_CAPABILITIES, com.example.androidtvlibrary.main.adapter.wow.RendererCapabilities.FORMAT_UNSUPPORTED_DRM, com.example.androidtvlibrary.main.adapter.wow.RendererCapabilities.FORMAT_UNSUPPORTED_SUBTYPE, com.example.androidtvlibrary.main.adapter.wow.RendererCapabilities.FORMAT_UNSUPPORTED_TYPE}" />
    </annotation>
  </item>
  <item name="com.example.androidtvlibrary.main.adapter.wow.MappingTrackSelector.MappedTrackInfo int getTrackTypeRendererSupport(int)">
    <annotation name="androidx.annotation.IntDef">
      <val name="value" val="{com.example.androidtvlibrary.main.adapter.wow.MappingTrackSelector.MappedTrackInfo.RENDERER_SUPPORT_NO_TRACKS, com.example.androidtvlibrary.main.adapter.wow.MappingTrackSelector.MappedTrackInfo.RENDERER_SUPPORT_UNSUPPORTED_TRACKS, com.example.androidtvlibrary.main.adapter.wow.MappingTrackSelector.MappedTrackInfo.RENDERER_SUPPORT_EXCEEDS_CAPABILITIES_TRACKS, com.example.androidtvlibrary.main.adapter.wow.MappingTrackSelector.MappedTrackInfo.RENDERER_SUPPORT_PLAYABLE_TRACKS}" />
    </annotation>
  </item>
  <item name="com.example.androidtvlibrary.main.adapter.wow.MappingTrackSelector.MappedTrackInfo int getTypeSupport(int)">
    <annotation name="androidx.annotation.IntDef">
      <val name="value" val="{com.example.androidtvlibrary.main.adapter.wow.MappingTrackSelector.MappedTrackInfo.RENDERER_SUPPORT_NO_TRACKS, com.example.androidtvlibrary.main.adapter.wow.MappingTrackSelector.MappedTrackInfo.RENDERER_SUPPORT_UNSUPPORTED_TRACKS, com.example.androidtvlibrary.main.adapter.wow.MappingTrackSelector.MappedTrackInfo.RENDERER_SUPPORT_EXCEEDS_CAPABILITIES_TRACKS, com.example.androidtvlibrary.main.adapter.wow.MappingTrackSelector.MappedTrackInfo.RENDERER_SUPPORT_PLAYABLE_TRACKS}" />
    </annotation>
  </item>
  <item name="com.example.androidtvlibrary.main.adapter.wow.MappingTrackSelector.MappedTrackInfo rendererFormatSupports">
  </item>
  <item name="com.example.androidtvlibrary.main.adapter.wow.MappingTrackSelector.MappedTrackInfo rendererMixedMimeTypeAdaptiveSupports">
    <annotation name="androidx.annotation.IntDef">
      <val name="value" val="{com.example.androidtvlibrary.main.adapter.wow.RendererCapabilities.ADAPTIVE_SEAMLESS, com.example.androidtvlibrary.main.adapter.wow.RendererCapabilities.ADAPTIVE_NOT_SEAMLESS, com.example.androidtvlibrary.main.adapter.wow.RendererCapabilities.ADAPTIVE_NOT_SUPPORTED}" />
    </annotation>
  </item>
  <item name="com.example.androidtvlibrary.main.adapter.wow.MediaPeriodQueue boolean updateRepeatMode(int) 0">
    <annotation name="androidx.annotation.IntDef">
      <val name="value" val="{com.example.androidtvlibrary.main.adapter.TestPlayer.REPEAT_MODE_OFF, com.example.androidtvlibrary.main.adapter.TestPlayer.REPEAT_MODE_ONE, com.example.androidtvlibrary.main.adapter.TestPlayer.REPEAT_MODE_ALL}" />
    </annotation>
  </item>
  <item name="com.example.androidtvlibrary.main.adapter.wow.MediaPeriodQueue repeatMode">
    <annotation name="androidx.annotation.IntDef">
      <val name="value" val="{com.example.androidtvlibrary.main.adapter.TestPlayer.REPEAT_MODE_OFF, com.example.androidtvlibrary.main.adapter.TestPlayer.REPEAT_MODE_ONE, com.example.androidtvlibrary.main.adapter.TestPlayer.REPEAT_MODE_ALL}" />
    </annotation>
  </item>
  <item name="com.example.androidtvlibrary.main.adapter.wow.Renderer int getState()">
    <annotation name="androidx.annotation.IntDef">
      <val name="value" val="{com.example.androidtvlibrary.main.adapter.wow.Renderer.STATE_DISABLED, com.example.androidtvlibrary.main.adapter.wow.Renderer.STATE_ENABLED, com.example.androidtvlibrary.main.adapter.wow.Renderer.STATE_STARTED}" />
    </annotation>
  </item>
  <item name="com.example.androidtvlibrary.main.adapter.wow.Renderer.State">
    <annotation name="androidx.annotation.IntDef">
      <val name="value" val="{com.example.androidtvlibrary.main.adapter.wow.Renderer.STATE_DISABLED, com.example.androidtvlibrary.main.adapter.wow.Renderer.STATE_ENABLED, com.example.androidtvlibrary.main.adapter.wow.Renderer.STATE_STARTED}" />
    </annotation>
  </item>
  <item name="com.example.androidtvlibrary.main.adapter.wow.RendererCapabilities int create(int)">
  </item>
  <item name="com.example.androidtvlibrary.main.adapter.wow.RendererCapabilities int create(int) 0">
    <annotation name="androidx.annotation.IntDef">
      <val name="value" val="{com.example.androidtvlibrary.main.adapter.wow.RendererCapabilities.FORMAT_HANDLED, com.example.androidtvlibrary.main.adapter.wow.RendererCapabilities.FORMAT_EXCEEDS_CAPABILITIES, com.example.androidtvlibrary.main.adapter.wow.RendererCapabilities.FORMAT_UNSUPPORTED_DRM, com.example.androidtvlibrary.main.adapter.wow.RendererCapabilities.FORMAT_UNSUPPORTED_SUBTYPE, com.example.androidtvlibrary.main.adapter.wow.RendererCapabilities.FORMAT_UNSUPPORTED_TYPE}" />
    </annotation>
  </item>
  <item name="com.example.androidtvlibrary.main.adapter.wow.RendererCapabilities int create(int, int, int)">
  </item>
  <item name="com.example.androidtvlibrary.main.adapter.wow.RendererCapabilities int create(int, int, int) 0">
    <annotation name="androidx.annotation.IntDef">
      <val name="value" val="{com.example.androidtvlibrary.main.adapter.wow.RendererCapabilities.FORMAT_HANDLED, com.example.androidtvlibrary.main.adapter.wow.RendererCapabilities.FORMAT_EXCEEDS_CAPABILITIES, com.example.androidtvlibrary.main.adapter.wow.RendererCapabilities.FORMAT_UNSUPPORTED_DRM, com.example.androidtvlibrary.main.adapter.wow.RendererCapabilities.FORMAT_UNSUPPORTED_SUBTYPE, com.example.androidtvlibrary.main.adapter.wow.RendererCapabilities.FORMAT_UNSUPPORTED_TYPE}" />
    </annotation>
  </item>
  <item name="com.example.androidtvlibrary.main.adapter.wow.RendererCapabilities int create(int, int, int) 1">
    <annotation name="androidx.annotation.IntDef">
      <val name="value" val="{com.example.androidtvlibrary.main.adapter.wow.RendererCapabilities.ADAPTIVE_SEAMLESS, com.example.androidtvlibrary.main.adapter.wow.RendererCapabilities.ADAPTIVE_NOT_SEAMLESS, com.example.androidtvlibrary.main.adapter.wow.RendererCapabilities.ADAPTIVE_NOT_SUPPORTED}" />
    </annotation>
  </item>
  <item name="com.example.androidtvlibrary.main.adapter.wow.RendererCapabilities int create(int, int, int) 2">
    <annotation name="androidx.annotation.IntDef">
      <val name="value" val="{com.example.androidtvlibrary.main.adapter.wow.RendererCapabilities.TUNNELING_SUPPORTED, com.example.androidtvlibrary.main.adapter.wow.RendererCapabilities.TUNNELING_NOT_SUPPORTED}" />
    </annotation>
  </item>
  <item name="com.example.androidtvlibrary.main.adapter.wow.RendererCapabilities int getAdaptiveSupport(int)">
    <annotation name="androidx.annotation.IntDef">
      <val name="value" val="{com.example.androidtvlibrary.main.adapter.wow.RendererCapabilities.ADAPTIVE_SEAMLESS, com.example.androidtvlibrary.main.adapter.wow.RendererCapabilities.ADAPTIVE_NOT_SEAMLESS, com.example.androidtvlibrary.main.adapter.wow.RendererCapabilities.ADAPTIVE_NOT_SUPPORTED}" />
    </annotation>
  </item>
  <item name="com.example.androidtvlibrary.main.adapter.wow.RendererCapabilities int getAdaptiveSupport(int) 0">
  </item>
  <item name="com.example.androidtvlibrary.main.adapter.wow.RendererCapabilities int getFormatSupport(int)">
    <annotation name="androidx.annotation.IntDef">
      <val name="value" val="{com.example.androidtvlibrary.main.adapter.wow.RendererCapabilities.FORMAT_HANDLED, com.example.androidtvlibrary.main.adapter.wow.RendererCapabilities.FORMAT_EXCEEDS_CAPABILITIES, com.example.androidtvlibrary.main.adapter.wow.RendererCapabilities.FORMAT_UNSUPPORTED_DRM, com.example.androidtvlibrary.main.adapter.wow.RendererCapabilities.FORMAT_UNSUPPORTED_SUBTYPE, com.example.androidtvlibrary.main.adapter.wow.RendererCapabilities.FORMAT_UNSUPPORTED_TYPE}" />
    </annotation>
  </item>
  <item name="com.example.androidtvlibrary.main.adapter.wow.RendererCapabilities int getFormatSupport(int) 0">
  </item>
  <item name="com.example.androidtvlibrary.main.adapter.wow.RendererCapabilities int getTunnelingSupport(int)">
    <annotation name="androidx.annotation.IntDef">
      <val name="value" val="{com.example.androidtvlibrary.main.adapter.wow.RendererCapabilities.TUNNELING_SUPPORTED, com.example.androidtvlibrary.main.adapter.wow.RendererCapabilities.TUNNELING_NOT_SUPPORTED}" />
    </annotation>
  </item>
  <item name="com.example.androidtvlibrary.main.adapter.wow.RendererCapabilities int getTunnelingSupport(int) 0">
  </item>
  <item name="com.example.androidtvlibrary.main.adapter.wow.RendererCapabilities int supportsFormat(com.example.androidtvlibrary.main.adapter.Format)">
  </item>
  <item name="com.example.androidtvlibrary.main.adapter.wow.RendererCapabilities int supportsMixedMimeTypeAdaptation()">
    <annotation name="androidx.annotation.IntDef">
      <val name="value" val="{com.example.androidtvlibrary.main.adapter.wow.RendererCapabilities.ADAPTIVE_SEAMLESS, com.example.androidtvlibrary.main.adapter.wow.RendererCapabilities.ADAPTIVE_NOT_SEAMLESS, com.example.androidtvlibrary.main.adapter.wow.RendererCapabilities.ADAPTIVE_NOT_SUPPORTED}" />
    </annotation>
  </item>
  <item name="com.example.androidtvlibrary.main.adapter.wow.RendererCapabilities java.lang.String getFormatSupportString(int) 0">
    <annotation name="androidx.annotation.IntDef">
      <val name="value" val="{com.example.androidtvlibrary.main.adapter.wow.RendererCapabilities.FORMAT_HANDLED, com.example.androidtvlibrary.main.adapter.wow.RendererCapabilities.FORMAT_EXCEEDS_CAPABILITIES, com.example.androidtvlibrary.main.adapter.wow.RendererCapabilities.FORMAT_UNSUPPORTED_DRM, com.example.androidtvlibrary.main.adapter.wow.RendererCapabilities.FORMAT_UNSUPPORTED_SUBTYPE, com.example.androidtvlibrary.main.adapter.wow.RendererCapabilities.FORMAT_UNSUPPORTED_TYPE}" />
    </annotation>
  </item>
  <item name="com.example.androidtvlibrary.main.adapter.wow.RendererCapabilities.AdaptiveSupport">
    <annotation name="androidx.annotation.IntDef">
      <val name="value" val="{com.example.androidtvlibrary.main.adapter.wow.RendererCapabilities.ADAPTIVE_SEAMLESS, com.example.androidtvlibrary.main.adapter.wow.RendererCapabilities.ADAPTIVE_NOT_SEAMLESS, com.example.androidtvlibrary.main.adapter.wow.RendererCapabilities.ADAPTIVE_NOT_SUPPORTED}" />
    </annotation>
  </item>
  <item name="com.example.androidtvlibrary.main.adapter.wow.RendererCapabilities.Capabilities">
  </item>
  <item name="com.example.androidtvlibrary.main.adapter.wow.RendererCapabilities.FormatSupport">
    <annotation name="androidx.annotation.IntDef">
      <val name="value" val="{com.example.androidtvlibrary.main.adapter.wow.RendererCapabilities.FORMAT_HANDLED, com.example.androidtvlibrary.main.adapter.wow.RendererCapabilities.FORMAT_EXCEEDS_CAPABILITIES, com.example.androidtvlibrary.main.adapter.wow.RendererCapabilities.FORMAT_UNSUPPORTED_DRM, com.example.androidtvlibrary.main.adapter.wow.RendererCapabilities.FORMAT_UNSUPPORTED_SUBTYPE, com.example.androidtvlibrary.main.adapter.wow.RendererCapabilities.FORMAT_UNSUPPORTED_TYPE}" />
    </annotation>
  </item>
  <item name="com.example.androidtvlibrary.main.adapter.wow.RendererCapabilities.TunnelingSupport">
    <annotation name="androidx.annotation.IntDef">
      <val name="value" val="{com.example.androidtvlibrary.main.adapter.wow.RendererCapabilities.TUNNELING_SUPPORTED, com.example.androidtvlibrary.main.adapter.wow.RendererCapabilities.TUNNELING_NOT_SUPPORTED}" />
    </annotation>
  </item>
  <item name="com.example.androidtvlibrary.main.adapter.wow.SimpleWowPlayer int getAudioStreamType()">
    <annotation name="androidx.annotation.IntDef">
      <val name="value" val="{com.example.androidtvlibrary.main.adapter.C.STREAM_TYPE_ALARM, com.example.androidtvlibrary.main.adapter.C.STREAM_TYPE_DTMF, com.example.androidtvlibrary.main.adapter.C.STREAM_TYPE_MUSIC, com.example.androidtvlibrary.main.adapter.C.STREAM_TYPE_NOTIFICATION, com.example.androidtvlibrary.main.adapter.C.STREAM_TYPE_RING, com.example.androidtvlibrary.main.adapter.C.STREAM_TYPE_SYSTEM, com.example.androidtvlibrary.main.adapter.C.STREAM_TYPE_VOICE_CALL, com.example.androidtvlibrary.main.adapter.C.STREAM_TYPE_USE_DEFAULT}" />
    </annotation>
  </item>
  <item name="com.example.androidtvlibrary.main.adapter.wow.SimpleWowPlayer int getPlaybackState()">
    <annotation name="androidx.annotation.IntDef">
      <val name="value" val="{com.example.androidtvlibrary.main.adapter.TestPlayer.STATE_IDLE, com.example.androidtvlibrary.main.adapter.TestPlayer.STATE_BUFFERING, com.example.androidtvlibrary.main.adapter.TestPlayer.STATE_READY, com.example.androidtvlibrary.main.adapter.TestPlayer.STATE_ENDED}" />
    </annotation>
  </item>
  <item name="com.example.androidtvlibrary.main.adapter.wow.SimpleWowPlayer int getPlaybackSuppressionReason()">
    <annotation name="androidx.annotation.IntDef">
      <val name="value" val="{com.example.androidtvlibrary.main.adapter.TestPlayer.PLAYBACK_SUPPRESSION_REASON_NONE, com.example.androidtvlibrary.main.adapter.TestPlayer.PLAYBACK_SUPPRESSION_REASON_TRANSIENT_AUDIO_FOCUS_LOSS}" />
    </annotation>
  </item>
  <item name="com.example.androidtvlibrary.main.adapter.wow.SimpleWowPlayer int getRepeatMode()">
    <annotation name="androidx.annotation.IntDef">
      <val name="value" val="{com.example.androidtvlibrary.main.adapter.TestPlayer.REPEAT_MODE_OFF, com.example.androidtvlibrary.main.adapter.TestPlayer.REPEAT_MODE_ONE, com.example.androidtvlibrary.main.adapter.TestPlayer.REPEAT_MODE_ALL}" />
    </annotation>
  </item>
  <item name="com.example.androidtvlibrary.main.adapter.wow.SimpleWowPlayer int getVideoScalingMode()">
    <annotation name="androidx.annotation.IntDef">
      <val name="value" val="{com.example.androidtvlibrary.main.adapter.C.VIDEO_SCALING_MODE_SCALE_TO_FIT, com.example.androidtvlibrary.main.adapter.C.VIDEO_SCALING_MODE_SCALE_TO_FIT_WITH_CROPPING}" />
    </annotation>
  </item>
  <item name="com.example.androidtvlibrary.main.adapter.wow.SimpleWowPlayer videoScalingMode">
    <annotation name="androidx.annotation.IntDef">
      <val name="value" val="{com.example.androidtvlibrary.main.adapter.C.VIDEO_SCALING_MODE_SCALE_TO_FIT, com.example.androidtvlibrary.main.adapter.C.VIDEO_SCALING_MODE_SCALE_TO_FIT_WITH_CROPPING}" />
    </annotation>
  </item>
  <item name="com.example.androidtvlibrary.main.adapter.wow.SimpleWowPlayer void setAudioStreamType(int) 0">
    <annotation name="androidx.annotation.IntDef">
      <val name="value" val="{com.example.androidtvlibrary.main.adapter.C.STREAM_TYPE_ALARM, com.example.androidtvlibrary.main.adapter.C.STREAM_TYPE_DTMF, com.example.androidtvlibrary.main.adapter.C.STREAM_TYPE_MUSIC, com.example.androidtvlibrary.main.adapter.C.STREAM_TYPE_NOTIFICATION, com.example.androidtvlibrary.main.adapter.C.STREAM_TYPE_RING, com.example.androidtvlibrary.main.adapter.C.STREAM_TYPE_SYSTEM, com.example.androidtvlibrary.main.adapter.C.STREAM_TYPE_VOICE_CALL, com.example.androidtvlibrary.main.adapter.C.STREAM_TYPE_USE_DEFAULT}" />
    </annotation>
  </item>
  <item name="com.example.androidtvlibrary.main.adapter.wow.SimpleWowPlayer void setRepeatMode(int) 0">
    <annotation name="androidx.annotation.IntDef">
      <val name="value" val="{com.example.androidtvlibrary.main.adapter.TestPlayer.REPEAT_MODE_OFF, com.example.androidtvlibrary.main.adapter.TestPlayer.REPEAT_MODE_ONE, com.example.androidtvlibrary.main.adapter.TestPlayer.REPEAT_MODE_ALL}" />
    </annotation>
  </item>
  <item name="com.example.androidtvlibrary.main.adapter.wow.SimpleWowPlayer void setVideoScalingMode(int) 0">
    <annotation name="androidx.annotation.IntDef">
      <val name="value" val="{com.example.androidtvlibrary.main.adapter.C.VIDEO_SCALING_MODE_SCALE_TO_FIT, com.example.androidtvlibrary.main.adapter.C.VIDEO_SCALING_MODE_SCALE_TO_FIT_WITH_CROPPING}" />
    </annotation>
  </item>
  <item name="com.example.androidtvlibrary.main.adapter.wow.SimpleWowPlayer void setWakeMode(int) 0">
    <annotation name="androidx.annotation.IntDef">
      <val name="value" val="{com.example.androidtvlibrary.main.adapter.C.WAKE_MODE_NONE, com.example.androidtvlibrary.main.adapter.C.WAKE_MODE_LOCAL, com.example.androidtvlibrary.main.adapter.C.WAKE_MODE_NETWORK}" />
    </annotation>
  </item>
  <item name="com.example.androidtvlibrary.main.adapter.wow.SimpleWowPlayer void updatePlayWhenReady(boolean, int) 1">
    <annotation name="androidx.annotation.IntDef">
      <val name="value" val="{com.example.androidtvlibrary.main.adapter.simple.AudioFocusManager.PLAYER_COMMAND_DO_NOT_PLAY, com.example.androidtvlibrary.main.adapter.simple.AudioFocusManager.PLAYER_COMMAND_WAIT_FOR_CALLBACK, com.example.androidtvlibrary.main.adapter.simple.AudioFocusManager.PLAYER_COMMAND_PLAY_WHEN_READY}" />
    </annotation>
  </item>
  <item name="com.example.androidtvlibrary.main.adapter.wow.SimpleWowPlayer.ComponentListener void executePlayerCommand(int) 0">
    <annotation name="androidx.annotation.IntDef">
      <val name="value" val="{com.example.androidtvlibrary.main.adapter.simple.AudioFocusManager.PLAYER_COMMAND_DO_NOT_PLAY, com.example.androidtvlibrary.main.adapter.simple.AudioFocusManager.PLAYER_COMMAND_WAIT_FOR_CALLBACK, com.example.androidtvlibrary.main.adapter.simple.AudioFocusManager.PLAYER_COMMAND_PLAY_WHEN_READY}" />
    </annotation>
  </item>
  <item name="com.example.androidtvlibrary.main.adapter.wow.SimpleWowPlayer.ComponentListener void onPlayerStateChanged(boolean, int) 1">
    <annotation name="androidx.annotation.IntDef">
      <val name="value" val="{com.example.androidtvlibrary.main.adapter.TestPlayer.STATE_IDLE, com.example.androidtvlibrary.main.adapter.TestPlayer.STATE_BUFFERING, com.example.androidtvlibrary.main.adapter.TestPlayer.STATE_READY, com.example.androidtvlibrary.main.adapter.TestPlayer.STATE_ENDED}" />
    </annotation>
  </item>
  <item name="com.example.androidtvlibrary.main.adapter.wow.TrackSelectionParameters TrackSelectionParameters(java.lang.String, java.lang.String, int, boolean, int) 2">
    <annotation name="androidx.annotation.IntDef">
      <val name="flag" val="true" />
      <val name="value" val="{com.example.androidtvlibrary.main.adapter.C.ROLE_FLAG_MAIN, com.example.androidtvlibrary.main.adapter.C.ROLE_FLAG_ALTERNATE, com.example.androidtvlibrary.main.adapter.C.ROLE_FLAG_SUPPLEMENTARY, com.example.androidtvlibrary.main.adapter.C.ROLE_FLAG_COMMENTARY, com.example.androidtvlibrary.main.adapter.C.ROLE_FLAG_DUB, com.example.androidtvlibrary.main.adapter.C.ROLE_FLAG_EMERGENCY, com.example.androidtvlibrary.main.adapter.C.ROLE_FLAG_CAPTION, com.example.androidtvlibrary.main.adapter.C.ROLE_FLAG_SUBTITLE, com.example.androidtvlibrary.main.adapter.C.ROLE_FLAG_SIGN, com.example.androidtvlibrary.main.adapter.C.ROLE_FLAG_DESCRIBES_VIDEO, com.example.androidtvlibrary.main.adapter.C.ROLE_FLAG_DESCRIBES_MUSIC_AND_SOUND, com.example.androidtvlibrary.main.adapter.C.ROLE_FLAG_ENHANCED_DIALOG_INTELLIGIBILITY, com.example.androidtvlibrary.main.adapter.C.ROLE_FLAG_TRANSCRIBES_DIALOG, com.example.androidtvlibrary.main.adapter.C.ROLE_FLAG_EASY_TO_READ, com.example.androidtvlibrary.main.adapter.C.ROLE_FLAG_TRICK_PLAY}" />
    </annotation>
  </item>
  <item name="com.example.androidtvlibrary.main.adapter.wow.TrackSelectionParameters TrackSelectionParameters(java.lang.String, java.lang.String, int, boolean, int) 4">
    <annotation name="androidx.annotation.IntDef">
      <val name="flag" val="true" />
      <val name="value" val="{com.example.androidtvlibrary.main.adapter.C.SELECTION_FLAG_DEFAULT, com.example.androidtvlibrary.main.adapter.C.SELECTION_FLAG_FORCED, com.example.androidtvlibrary.main.adapter.C.SELECTION_FLAG_AUTOSELECT}" />
    </annotation>
  </item>
  <item name="com.example.androidtvlibrary.main.adapter.wow.TrackSelectionParameters disabledTextTrackSelectionFlags">
    <annotation name="androidx.annotation.IntDef">
      <val name="flag" val="true" />
      <val name="value" val="{com.example.androidtvlibrary.main.adapter.C.SELECTION_FLAG_DEFAULT, com.example.androidtvlibrary.main.adapter.C.SELECTION_FLAG_FORCED, com.example.androidtvlibrary.main.adapter.C.SELECTION_FLAG_AUTOSELECT}" />
    </annotation>
  </item>
  <item name="com.example.androidtvlibrary.main.adapter.wow.TrackSelectionParameters preferredTextRoleFlags">
    <annotation name="androidx.annotation.IntDef">
      <val name="flag" val="true" />
      <val name="value" val="{com.example.androidtvlibrary.main.adapter.C.ROLE_FLAG_MAIN, com.example.androidtvlibrary.main.adapter.C.ROLE_FLAG_ALTERNATE, com.example.androidtvlibrary.main.adapter.C.ROLE_FLAG_SUPPLEMENTARY, com.example.androidtvlibrary.main.adapter.C.ROLE_FLAG_COMMENTARY, com.example.androidtvlibrary.main.adapter.C.ROLE_FLAG_DUB, com.example.androidtvlibrary.main.adapter.C.ROLE_FLAG_EMERGENCY, com.example.androidtvlibrary.main.adapter.C.ROLE_FLAG_CAPTION, com.example.androidtvlibrary.main.adapter.C.ROLE_FLAG_SUBTITLE, com.example.androidtvlibrary.main.adapter.C.ROLE_FLAG_SIGN, com.example.androidtvlibrary.main.adapter.C.ROLE_FLAG_DESCRIBES_VIDEO, com.example.androidtvlibrary.main.adapter.C.ROLE_FLAG_DESCRIBES_MUSIC_AND_SOUND, com.example.androidtvlibrary.main.adapter.C.ROLE_FLAG_ENHANCED_DIALOG_INTELLIGIBILITY, com.example.androidtvlibrary.main.adapter.C.ROLE_FLAG_TRANSCRIBES_DIALOG, com.example.androidtvlibrary.main.adapter.C.ROLE_FLAG_EASY_TO_READ, com.example.androidtvlibrary.main.adapter.C.ROLE_FLAG_TRICK_PLAY}" />
    </annotation>
  </item>
  <item name="com.example.androidtvlibrary.main.adapter.wow.TrackSelectionParameters.Builder com.example.androidtvlibrary.main.adapter.wow.TrackSelectionParameters.Builder setDisabledTextTrackSelectionFlags(int) 0">
    <annotation name="androidx.annotation.IntDef">
      <val name="flag" val="true" />
      <val name="value" val="{com.example.androidtvlibrary.main.adapter.C.SELECTION_FLAG_DEFAULT, com.example.androidtvlibrary.main.adapter.C.SELECTION_FLAG_FORCED, com.example.androidtvlibrary.main.adapter.C.SELECTION_FLAG_AUTOSELECT}" />
    </annotation>
  </item>
  <item name="com.example.androidtvlibrary.main.adapter.wow.TrackSelectionParameters.Builder com.example.androidtvlibrary.main.adapter.wow.TrackSelectionParameters.Builder setPreferredTextRoleFlags(int) 0">
    <annotation name="androidx.annotation.IntDef">
      <val name="flag" val="true" />
      <val name="value" val="{com.example.androidtvlibrary.main.adapter.C.ROLE_FLAG_MAIN, com.example.androidtvlibrary.main.adapter.C.ROLE_FLAG_ALTERNATE, com.example.androidtvlibrary.main.adapter.C.ROLE_FLAG_SUPPLEMENTARY, com.example.androidtvlibrary.main.adapter.C.ROLE_FLAG_COMMENTARY, com.example.androidtvlibrary.main.adapter.C.ROLE_FLAG_DUB, com.example.androidtvlibrary.main.adapter.C.ROLE_FLAG_EMERGENCY, com.example.androidtvlibrary.main.adapter.C.ROLE_FLAG_CAPTION, com.example.androidtvlibrary.main.adapter.C.ROLE_FLAG_SUBTITLE, com.example.androidtvlibrary.main.adapter.C.ROLE_FLAG_SIGN, com.example.androidtvlibrary.main.adapter.C.ROLE_FLAG_DESCRIBES_VIDEO, com.example.androidtvlibrary.main.adapter.C.ROLE_FLAG_DESCRIBES_MUSIC_AND_SOUND, com.example.androidtvlibrary.main.adapter.C.ROLE_FLAG_ENHANCED_DIALOG_INTELLIGIBILITY, com.example.androidtvlibrary.main.adapter.C.ROLE_FLAG_TRANSCRIBES_DIALOG, com.example.androidtvlibrary.main.adapter.C.ROLE_FLAG_EASY_TO_READ, com.example.androidtvlibrary.main.adapter.C.ROLE_FLAG_TRICK_PLAY}" />
    </annotation>
  </item>
  <item name="com.example.androidtvlibrary.main.adapter.wow.TrackSelectionParameters.Builder disabledTextTrackSelectionFlags">
    <annotation name="androidx.annotation.IntDef">
      <val name="flag" val="true" />
      <val name="value" val="{com.example.androidtvlibrary.main.adapter.C.SELECTION_FLAG_DEFAULT, com.example.androidtvlibrary.main.adapter.C.SELECTION_FLAG_FORCED, com.example.androidtvlibrary.main.adapter.C.SELECTION_FLAG_AUTOSELECT}" />
    </annotation>
  </item>
  <item name="com.example.androidtvlibrary.main.adapter.wow.TrackSelectionParameters.Builder preferredTextRoleFlags">
    <annotation name="androidx.annotation.IntDef">
      <val name="flag" val="true" />
      <val name="value" val="{com.example.androidtvlibrary.main.adapter.C.ROLE_FLAG_MAIN, com.example.androidtvlibrary.main.adapter.C.ROLE_FLAG_ALTERNATE, com.example.androidtvlibrary.main.adapter.C.ROLE_FLAG_SUPPLEMENTARY, com.example.androidtvlibrary.main.adapter.C.ROLE_FLAG_COMMENTARY, com.example.androidtvlibrary.main.adapter.C.ROLE_FLAG_DUB, com.example.androidtvlibrary.main.adapter.C.ROLE_FLAG_EMERGENCY, com.example.androidtvlibrary.main.adapter.C.ROLE_FLAG_CAPTION, com.example.androidtvlibrary.main.adapter.C.ROLE_FLAG_SUBTITLE, com.example.androidtvlibrary.main.adapter.C.ROLE_FLAG_SIGN, com.example.androidtvlibrary.main.adapter.C.ROLE_FLAG_DESCRIBES_VIDEO, com.example.androidtvlibrary.main.adapter.C.ROLE_FLAG_DESCRIBES_MUSIC_AND_SOUND, com.example.androidtvlibrary.main.adapter.C.ROLE_FLAG_ENHANCED_DIALOG_INTELLIGIBILITY, com.example.androidtvlibrary.main.adapter.C.ROLE_FLAG_TRANSCRIBES_DIALOG, com.example.androidtvlibrary.main.adapter.C.ROLE_FLAG_EASY_TO_READ, com.example.androidtvlibrary.main.adapter.C.ROLE_FLAG_TRICK_PLAY}" />
    </annotation>
  </item>
  <item name="com.example.androidtvlibrary.main.adapter.wow.WowPlayerImpl com.example.androidtvlibrary.main.adapter.wow.PlaybackInfo getResetPlaybackInfo(boolean, boolean, boolean, int) 3">
    <annotation name="androidx.annotation.IntDef">
      <val name="value" val="{com.example.androidtvlibrary.main.adapter.TestPlayer.STATE_IDLE, com.example.androidtvlibrary.main.adapter.TestPlayer.STATE_BUFFERING, com.example.androidtvlibrary.main.adapter.TestPlayer.STATE_READY, com.example.androidtvlibrary.main.adapter.TestPlayer.STATE_ENDED}" />
    </annotation>
  </item>
  <item name="com.example.androidtvlibrary.main.adapter.wow.WowPlayerImpl int getPlaybackState()">
    <annotation name="androidx.annotation.IntDef">
      <val name="value" val="{com.example.androidtvlibrary.main.adapter.TestPlayer.STATE_IDLE, com.example.androidtvlibrary.main.adapter.TestPlayer.STATE_BUFFERING, com.example.androidtvlibrary.main.adapter.TestPlayer.STATE_READY, com.example.androidtvlibrary.main.adapter.TestPlayer.STATE_ENDED}" />
    </annotation>
  </item>
  <item name="com.example.androidtvlibrary.main.adapter.wow.WowPlayerImpl int getPlaybackSuppressionReason()">
    <annotation name="androidx.annotation.IntDef">
      <val name="value" val="{com.example.androidtvlibrary.main.adapter.TestPlayer.PLAYBACK_SUPPRESSION_REASON_NONE, com.example.androidtvlibrary.main.adapter.TestPlayer.PLAYBACK_SUPPRESSION_REASON_TRANSIENT_AUDIO_FOCUS_LOSS}" />
    </annotation>
  </item>
  <item name="com.example.androidtvlibrary.main.adapter.wow.WowPlayerImpl int getRepeatMode()">
    <annotation name="androidx.annotation.IntDef">
      <val name="value" val="{com.example.androidtvlibrary.main.adapter.TestPlayer.REPEAT_MODE_OFF, com.example.androidtvlibrary.main.adapter.TestPlayer.REPEAT_MODE_ONE, com.example.androidtvlibrary.main.adapter.TestPlayer.REPEAT_MODE_ALL}" />
    </annotation>
  </item>
  <item name="com.example.androidtvlibrary.main.adapter.wow.WowPlayerImpl playbackSuppressionReason">
    <annotation name="androidx.annotation.IntDef">
      <val name="value" val="{com.example.androidtvlibrary.main.adapter.TestPlayer.PLAYBACK_SUPPRESSION_REASON_NONE, com.example.androidtvlibrary.main.adapter.TestPlayer.PLAYBACK_SUPPRESSION_REASON_TRANSIENT_AUDIO_FOCUS_LOSS}" />
    </annotation>
  </item>
  <item name="com.example.androidtvlibrary.main.adapter.wow.WowPlayerImpl repeatMode">
    <annotation name="androidx.annotation.IntDef">
      <val name="value" val="{com.example.androidtvlibrary.main.adapter.TestPlayer.REPEAT_MODE_OFF, com.example.androidtvlibrary.main.adapter.TestPlayer.REPEAT_MODE_ONE, com.example.androidtvlibrary.main.adapter.TestPlayer.REPEAT_MODE_ALL}" />
    </annotation>
  </item>
  <item name="com.example.androidtvlibrary.main.adapter.wow.WowPlayerImpl void handlePlaybackInfo(com.example.androidtvlibrary.main.adapter.wow.PlaybackInfo, int, boolean, int) 3">
    <annotation name="androidx.annotation.IntDef">
      <val name="value" val="{com.example.androidtvlibrary.main.adapter.TestPlayer.DISCONTINUITY_REASON_PERIOD_TRANSITION, com.example.androidtvlibrary.main.adapter.TestPlayer.DISCONTINUITY_REASON_SEEK, com.example.androidtvlibrary.main.adapter.TestPlayer.DISCONTINUITY_REASON_SEEK_ADJUSTMENT, com.example.androidtvlibrary.main.adapter.TestPlayer.DISCONTINUITY_REASON_AD_INSERTION, com.example.androidtvlibrary.main.adapter.TestPlayer.DISCONTINUITY_REASON_INTERNAL}" />
    </annotation>
  </item>
  <item name="com.example.androidtvlibrary.main.adapter.wow.WowPlayerImpl void setPlayWhenReady(boolean, int) 1">
    <annotation name="androidx.annotation.IntDef">
      <val name="value" val="{com.example.androidtvlibrary.main.adapter.TestPlayer.PLAYBACK_SUPPRESSION_REASON_NONE, com.example.androidtvlibrary.main.adapter.TestPlayer.PLAYBACK_SUPPRESSION_REASON_TRANSIENT_AUDIO_FOCUS_LOSS}" />
    </annotation>
  </item>
  <item name="com.example.androidtvlibrary.main.adapter.wow.WowPlayerImpl void setRepeatMode(int) 0">
    <annotation name="androidx.annotation.IntDef">
      <val name="value" val="{com.example.androidtvlibrary.main.adapter.TestPlayer.REPEAT_MODE_OFF, com.example.androidtvlibrary.main.adapter.TestPlayer.REPEAT_MODE_ONE, com.example.androidtvlibrary.main.adapter.TestPlayer.REPEAT_MODE_ALL}" />
    </annotation>
  </item>
  <item name="com.example.androidtvlibrary.main.adapter.wow.WowPlayerImpl void updatePlaybackInfo(com.example.androidtvlibrary.main.adapter.wow.PlaybackInfo, boolean, int, int, boolean) 2">
    <annotation name="androidx.annotation.IntDef">
      <val name="value" val="{com.example.androidtvlibrary.main.adapter.TestPlayer.DISCONTINUITY_REASON_PERIOD_TRANSITION, com.example.androidtvlibrary.main.adapter.TestPlayer.DISCONTINUITY_REASON_SEEK, com.example.androidtvlibrary.main.adapter.TestPlayer.DISCONTINUITY_REASON_SEEK_ADJUSTMENT, com.example.androidtvlibrary.main.adapter.TestPlayer.DISCONTINUITY_REASON_AD_INSERTION, com.example.androidtvlibrary.main.adapter.TestPlayer.DISCONTINUITY_REASON_INTERNAL}" />
    </annotation>
  </item>
  <item name="com.example.androidtvlibrary.main.adapter.wow.WowPlayerImpl void updatePlaybackInfo(com.example.androidtvlibrary.main.adapter.wow.PlaybackInfo, boolean, int, int, boolean) 3">
    <annotation name="androidx.annotation.IntDef">
      <val name="value" val="{com.example.androidtvlibrary.main.adapter.TestPlayer.TIMELINE_CHANGE_REASON_PREPARED, com.example.androidtvlibrary.main.adapter.TestPlayer.TIMELINE_CHANGE_REASON_RESET, com.example.androidtvlibrary.main.adapter.TestPlayer.TIMELINE_CHANGE_REASON_DYNAMIC}" />
    </annotation>
  </item>
  <item name="com.example.androidtvlibrary.main.adapter.wow.WowPlayerImpl.PlaybackInfoUpdate PlaybackInfoUpdate(com.example.androidtvlibrary.main.adapter.wow.PlaybackInfo, com.example.androidtvlibrary.main.adapter.wow.PlaybackInfo, java.util.concurrent.CopyOnWriteArrayList&lt;com.example.androidtvlibrary.main.adapter.TestPlayerBase.ListenerHolder&gt;, com.example.androidtvlibrary.main.adapter.wow.TrackSelector, boolean, int, int, boolean, boolean, boolean) 5">
    <annotation name="androidx.annotation.IntDef">
      <val name="value" val="{com.example.androidtvlibrary.main.adapter.TestPlayer.DISCONTINUITY_REASON_PERIOD_TRANSITION, com.example.androidtvlibrary.main.adapter.TestPlayer.DISCONTINUITY_REASON_SEEK, com.example.androidtvlibrary.main.adapter.TestPlayer.DISCONTINUITY_REASON_SEEK_ADJUSTMENT, com.example.androidtvlibrary.main.adapter.TestPlayer.DISCONTINUITY_REASON_AD_INSERTION, com.example.androidtvlibrary.main.adapter.TestPlayer.DISCONTINUITY_REASON_INTERNAL}" />
    </annotation>
  </item>
  <item name="com.example.androidtvlibrary.main.adapter.wow.WowPlayerImpl.PlaybackInfoUpdate PlaybackInfoUpdate(com.example.androidtvlibrary.main.adapter.wow.PlaybackInfo, com.example.androidtvlibrary.main.adapter.wow.PlaybackInfo, java.util.concurrent.CopyOnWriteArrayList&lt;com.example.androidtvlibrary.main.adapter.TestPlayerBase.ListenerHolder&gt;, com.example.androidtvlibrary.main.adapter.wow.TrackSelector, boolean, int, int, boolean, boolean, boolean) 6">
    <annotation name="androidx.annotation.IntDef">
      <val name="value" val="{com.example.androidtvlibrary.main.adapter.TestPlayer.TIMELINE_CHANGE_REASON_PREPARED, com.example.androidtvlibrary.main.adapter.TestPlayer.TIMELINE_CHANGE_REASON_RESET, com.example.androidtvlibrary.main.adapter.TestPlayer.TIMELINE_CHANGE_REASON_DYNAMIC}" />
    </annotation>
  </item>
  <item name="com.example.androidtvlibrary.main.adapter.wow.WowPlayerImplInternal.PlaybackInfoUpdate discontinuityReason">
    <annotation name="androidx.annotation.IntDef">
      <val name="value" val="{com.example.androidtvlibrary.main.adapter.TestPlayer.DISCONTINUITY_REASON_PERIOD_TRANSITION, com.example.androidtvlibrary.main.adapter.TestPlayer.DISCONTINUITY_REASON_SEEK, com.example.androidtvlibrary.main.adapter.TestPlayer.DISCONTINUITY_REASON_SEEK_ADJUSTMENT, com.example.androidtvlibrary.main.adapter.TestPlayer.DISCONTINUITY_REASON_AD_INSERTION, com.example.androidtvlibrary.main.adapter.TestPlayer.DISCONTINUITY_REASON_INTERNAL}" />
    </annotation>
  </item>
  <item name="com.example.androidtvlibrary.main.adapter.wow.WowPlayerImplInternal.PlaybackInfoUpdate void setPositionDiscontinuity(int) 0">
    <annotation name="androidx.annotation.IntDef">
      <val name="value" val="{com.example.androidtvlibrary.main.adapter.TestPlayer.DISCONTINUITY_REASON_PERIOD_TRANSITION, com.example.androidtvlibrary.main.adapter.TestPlayer.DISCONTINUITY_REASON_SEEK, com.example.androidtvlibrary.main.adapter.TestPlayer.DISCONTINUITY_REASON_SEEK_ADJUSTMENT, com.example.androidtvlibrary.main.adapter.TestPlayer.DISCONTINUITY_REASON_AD_INSERTION, com.example.androidtvlibrary.main.adapter.TestPlayer.DISCONTINUITY_REASON_INTERNAL}" />
    </annotation>
  </item>
</root>

