<?xml version="1.0" encoding="UTF-8"?>
<root>
  <item name="com.example.androidtvlibrary.main.adapter.drmsession.DefaultDrmSession DefaultDrmSession(java.util.UUID, com.example.androidtvlibrary.main.adapter.drmsession.ExoMediaDrm&lt;T&gt;, com.example.androidtvlibrary.main.adapter.drmsession.DefaultDrmSession.ProvisioningManager&lt;T&gt;, com.example.androidtvlibrary.main.adapter.drmsession.DefaultDrmSession.ReleaseCallback&lt;T&gt;, java.util.List&lt;com.example.androidtvlibrary.main.adapter.DrmInitData.SchemeData&gt;, int, boolean, boolean, byte[], java.util.HashMap&lt;java.lang.String,java.lang.String&gt;, com.example.androidtvlibrary.main.adapter.drmsession.MediaDrmCallback, android.os.Looper, com.example.androidtvlibrary.main.adapter.wow.EventDispatcher&lt;com.example.androidtvlibrary.main.adapter.drmsession.DefaultDrmSessionEventListener&gt;, com.example.androidtvlibrary.main.adapter.Media.LoadErrorHandlingPolicy) 5">
    <annotation name="androidx.annotation.IntDef">
      <val name="value" val="{com.example.androidtvlibrary.main.adapter.simple.DefaultDrmSessionManager.MODE_PLAYBACK, com.example.androidtvlibrary.main.adapter.simple.DefaultDrmSessionManager.MODE_QUERY, com.example.androidtvlibrary.main.adapter.simple.DefaultDrmSessionManager.MODE_DOWNLOAD, com.example.androidtvlibrary.main.adapter.simple.DefaultDrmSessionManager.MODE_RELEASE}" />
    </annotation>
  </item>
  <item name="com.example.androidtvlibrary.main.adapter.drmsession.DefaultDrmSession int getState()">
    <annotation name="androidx.annotation.IntDef">
      <val name="value" val="{com.example.androidtvlibrary.main.adapter.wow.DrmSession.STATE_RELEASED, com.example.androidtvlibrary.main.adapter.wow.DrmSession.STATE_ERROR, com.example.androidtvlibrary.main.adapter.wow.DrmSession.STATE_OPENING, com.example.androidtvlibrary.main.adapter.wow.DrmSession.STATE_OPENED, com.example.androidtvlibrary.main.adapter.wow.DrmSession.STATE_OPENED_WITH_KEYS}" />
    </annotation>
  </item>
  <item name="com.example.androidtvlibrary.main.adapter.drmsession.DefaultDrmSession mode">
    <annotation name="androidx.annotation.IntDef">
      <val name="value" val="{com.example.androidtvlibrary.main.adapter.simple.DefaultDrmSessionManager.MODE_PLAYBACK, com.example.androidtvlibrary.main.adapter.simple.DefaultDrmSessionManager.MODE_QUERY, com.example.androidtvlibrary.main.adapter.simple.DefaultDrmSessionManager.MODE_DOWNLOAD, com.example.androidtvlibrary.main.adapter.simple.DefaultDrmSessionManager.MODE_RELEASE}" />
    </annotation>
  </item>
  <item name="com.example.androidtvlibrary.main.adapter.drmsession.DefaultDrmSession state">
    <annotation name="androidx.annotation.IntDef">
      <val name="value" val="{com.example.androidtvlibrary.main.adapter.wow.DrmSession.STATE_RELEASED, com.example.androidtvlibrary.main.adapter.wow.DrmSession.STATE_ERROR, com.example.androidtvlibrary.main.adapter.wow.DrmSession.STATE_OPENING, com.example.androidtvlibrary.main.adapter.wow.DrmSession.STATE_OPENED, com.example.androidtvlibrary.main.adapter.wow.DrmSession.STATE_OPENED_WITH_KEYS}" />
    </annotation>
  </item>
</root>

