<?xml version="1.0" encoding="UTF-8"?>
<root>
  <item name="com.example.androidtvlibrary.main.adapter.factory.HttpDataSource.HttpDataSourceException HttpDataSourceException(com.example.androidtvlibrary.main.adapter.DataSpecTest, int) 1">
    <annotation name="androidx.annotation.IntDef">
      <val name="value" val="{com.example.androidtvlibrary.main.adapter.factory.HttpDataSource.HttpDataSourceException.TYPE_OPEN, com.example.androidtvlibrary.main.adapter.factory.HttpDataSource.HttpDataSourceException.TYPE_READ, com.example.androidtvlibrary.main.adapter.factory.HttpDataSource.HttpDataSourceException.TYPE_CLOSE}" />
    </annotation>
  </item>
  <item name="com.example.androidtvlibrary.main.adapter.factory.HttpDataSource.HttpDataSourceException HttpDataSourceException(java.io.IOException, com.example.androidtvlibrary.main.adapter.DataSpecTest, int) 2">
    <annotation name="androidx.annotation.IntDef">
      <val name="value" val="{com.example.androidtvlibrary.main.adapter.factory.HttpDataSource.HttpDataSourceException.TYPE_OPEN, com.example.androidtvlibrary.main.adapter.factory.HttpDataSource.HttpDataSourceException.TYPE_READ, com.example.androidtvlibrary.main.adapter.factory.HttpDataSource.HttpDataSourceException.TYPE_CLOSE}" />
    </annotation>
  </item>
  <item name="com.example.androidtvlibrary.main.adapter.factory.HttpDataSource.HttpDataSourceException HttpDataSourceException(java.lang.String, com.example.androidtvlibrary.main.adapter.DataSpecTest, int) 2">
    <annotation name="androidx.annotation.IntDef">
      <val name="value" val="{com.example.androidtvlibrary.main.adapter.factory.HttpDataSource.HttpDataSourceException.TYPE_OPEN, com.example.androidtvlibrary.main.adapter.factory.HttpDataSource.HttpDataSourceException.TYPE_READ, com.example.androidtvlibrary.main.adapter.factory.HttpDataSource.HttpDataSourceException.TYPE_CLOSE}" />
    </annotation>
  </item>
  <item name="com.example.androidtvlibrary.main.adapter.factory.HttpDataSource.HttpDataSourceException HttpDataSourceException(java.lang.String, java.io.IOException, com.example.androidtvlibrary.main.adapter.DataSpecTest, int) 3">
    <annotation name="androidx.annotation.IntDef">
      <val name="value" val="{com.example.androidtvlibrary.main.adapter.factory.HttpDataSource.HttpDataSourceException.TYPE_OPEN, com.example.androidtvlibrary.main.adapter.factory.HttpDataSource.HttpDataSourceException.TYPE_READ, com.example.androidtvlibrary.main.adapter.factory.HttpDataSource.HttpDataSourceException.TYPE_CLOSE}" />
    </annotation>
  </item>
  <item name="com.example.androidtvlibrary.main.adapter.factory.HttpDataSource.HttpDataSourceException type">
    <annotation name="androidx.annotation.IntDef">
      <val name="value" val="{com.example.androidtvlibrary.main.adapter.factory.HttpDataSource.HttpDataSourceException.TYPE_OPEN, com.example.androidtvlibrary.main.adapter.factory.HttpDataSource.HttpDataSourceException.TYPE_READ, com.example.androidtvlibrary.main.adapter.factory.HttpDataSource.HttpDataSourceException.TYPE_CLOSE}" />
    </annotation>
  </item>
  <item name="com.example.androidtvlibrary.main.adapter.factory.HttpDataSource.HttpDataSourceException.Type">
    <annotation name="androidx.annotation.IntDef">
      <val name="value" val="{com.example.androidtvlibrary.main.adapter.factory.HttpDataSource.HttpDataSourceException.TYPE_OPEN, com.example.androidtvlibrary.main.adapter.factory.HttpDataSource.HttpDataSourceException.TYPE_READ, com.example.androidtvlibrary.main.adapter.factory.HttpDataSource.HttpDataSourceException.TYPE_CLOSE}" />
    </annotation>
  </item>
</root>

