<?xml version="1.0" encoding="UTF-8"?>
<root>
  <item name="com.example.androidtvlibrary.main.adapter.simple.AudioFocusManager audioFocusState">
    <annotation name="androidx.annotation.IntDef">
      <val name="value" val="{com.example.androidtvlibrary.main.adapter.simple.AudioFocusManager.AUDIO_FOCUS_STATE_NO_FOCUS, com.example.androidtvlibrary.main.adapter.simple.AudioFocusManager.AUDIO_FOCUS_STATE_HAVE_FOCUS, com.example.androidtvlibrary.main.adapter.simple.AudioFocusManager.AUDIO_FOCUS_STATE_LOSS_TRANSIENT, com.example.androidtvlibrary.main.adapter.simple.AudioFocusManager.AUDIO_FOCUS_STATE_LOSS_TRANSIENT_DUCK}" />
    </annotation>
  </item>
  <item name="com.example.androidtvlibrary.main.adapter.simple.AudioFocusManager boolean shouldAbandonAudioFocus(int) 0">
    <annotation name="androidx.annotation.IntDef">
      <val name="value" val="{com.example.androidtvlibrary.main.adapter.TestPlayer.STATE_IDLE, com.example.androidtvlibrary.main.adapter.TestPlayer.STATE_BUFFERING, com.example.androidtvlibrary.main.adapter.TestPlayer.STATE_READY, com.example.androidtvlibrary.main.adapter.TestPlayer.STATE_ENDED}" />
    </annotation>
  </item>
  <item name="com.example.androidtvlibrary.main.adapter.simple.AudioFocusManager focusGain">
    <annotation name="androidx.annotation.IntDef">
      <val name="value" val="{com.example.androidtvlibrary.main.adapter.C.AUDIOFOCUS_NONE, com.example.androidtvlibrary.main.adapter.C.AUDIOFOCUS_GAIN, com.example.androidtvlibrary.main.adapter.C.AUDIOFOCUS_GAIN_TRANSIENT, com.example.androidtvlibrary.main.adapter.C.AUDIOFOCUS_GAIN_TRANSIENT_MAY_DUCK, com.example.androidtvlibrary.main.adapter.C.AUDIOFOCUS_GAIN_TRANSIENT_EXCLUSIVE}" />
    </annotation>
  </item>
  <item name="com.example.androidtvlibrary.main.adapter.simple.AudioFocusManager int convertAudioAttributesToFocusGain(com.example.androidtvlibrary.main.adapter.player.AudioAttributes)">
    <annotation name="androidx.annotation.IntDef">
      <val name="value" val="{com.example.androidtvlibrary.main.adapter.C.AUDIOFOCUS_NONE, com.example.androidtvlibrary.main.adapter.C.AUDIOFOCUS_GAIN, com.example.androidtvlibrary.main.adapter.C.AUDIOFOCUS_GAIN_TRANSIENT, com.example.androidtvlibrary.main.adapter.C.AUDIOFOCUS_GAIN_TRANSIENT_MAY_DUCK, com.example.androidtvlibrary.main.adapter.C.AUDIOFOCUS_GAIN_TRANSIENT_EXCLUSIVE}" />
    </annotation>
  </item>
  <item name="com.example.androidtvlibrary.main.adapter.simple.AudioFocusManager int requestAudioFocus()">
    <annotation name="androidx.annotation.IntDef">
      <val name="value" val="{com.example.androidtvlibrary.main.adapter.simple.AudioFocusManager.PLAYER_COMMAND_DO_NOT_PLAY, com.example.androidtvlibrary.main.adapter.simple.AudioFocusManager.PLAYER_COMMAND_WAIT_FOR_CALLBACK, com.example.androidtvlibrary.main.adapter.simple.AudioFocusManager.PLAYER_COMMAND_PLAY_WHEN_READY}" />
    </annotation>
  </item>
  <item name="com.example.androidtvlibrary.main.adapter.simple.AudioFocusManager int updateAudioFocus(boolean, int)">
    <annotation name="androidx.annotation.IntDef">
      <val name="value" val="{com.example.androidtvlibrary.main.adapter.simple.AudioFocusManager.PLAYER_COMMAND_DO_NOT_PLAY, com.example.androidtvlibrary.main.adapter.simple.AudioFocusManager.PLAYER_COMMAND_WAIT_FOR_CALLBACK, com.example.androidtvlibrary.main.adapter.simple.AudioFocusManager.PLAYER_COMMAND_PLAY_WHEN_READY}" />
    </annotation>
  </item>
  <item name="com.example.androidtvlibrary.main.adapter.simple.AudioFocusManager int updateAudioFocus(boolean, int) 1">
    <annotation name="androidx.annotation.IntDef">
      <val name="value" val="{com.example.androidtvlibrary.main.adapter.TestPlayer.STATE_IDLE, com.example.androidtvlibrary.main.adapter.TestPlayer.STATE_BUFFERING, com.example.androidtvlibrary.main.adapter.TestPlayer.STATE_READY, com.example.androidtvlibrary.main.adapter.TestPlayer.STATE_ENDED}" />
    </annotation>
  </item>
  <item name="com.example.androidtvlibrary.main.adapter.simple.AudioFocusManager void executePlayerCommand(int) 0">
    <annotation name="androidx.annotation.IntDef">
      <val name="value" val="{com.example.androidtvlibrary.main.adapter.simple.AudioFocusManager.PLAYER_COMMAND_DO_NOT_PLAY, com.example.androidtvlibrary.main.adapter.simple.AudioFocusManager.PLAYER_COMMAND_WAIT_FOR_CALLBACK, com.example.androidtvlibrary.main.adapter.simple.AudioFocusManager.PLAYER_COMMAND_PLAY_WHEN_READY}" />
    </annotation>
  </item>
  <item name="com.example.androidtvlibrary.main.adapter.simple.AudioFocusManager void setAudioFocusState(int) 0">
    <annotation name="androidx.annotation.IntDef">
      <val name="value" val="{com.example.androidtvlibrary.main.adapter.simple.AudioFocusManager.AUDIO_FOCUS_STATE_NO_FOCUS, com.example.androidtvlibrary.main.adapter.simple.AudioFocusManager.AUDIO_FOCUS_STATE_HAVE_FOCUS, com.example.androidtvlibrary.main.adapter.simple.AudioFocusManager.AUDIO_FOCUS_STATE_LOSS_TRANSIENT, com.example.androidtvlibrary.main.adapter.simple.AudioFocusManager.AUDIO_FOCUS_STATE_LOSS_TRANSIENT_DUCK}" />
    </annotation>
  </item>
  <item name="com.example.androidtvlibrary.main.adapter.simple.AudioFocusManager.PlayerCommand">
    <annotation name="androidx.annotation.IntDef">
      <val name="value" val="{com.example.androidtvlibrary.main.adapter.simple.AudioFocusManager.PLAYER_COMMAND_DO_NOT_PLAY, com.example.androidtvlibrary.main.adapter.simple.AudioFocusManager.PLAYER_COMMAND_WAIT_FOR_CALLBACK, com.example.androidtvlibrary.main.adapter.simple.AudioFocusManager.PLAYER_COMMAND_PLAY_WHEN_READY}" />
    </annotation>
  </item>
  <item name="com.example.androidtvlibrary.main.adapter.simple.AudioFocusManager.PlayerControl void executePlayerCommand(int) 0">
    <annotation name="androidx.annotation.IntDef">
      <val name="value" val="{com.example.androidtvlibrary.main.adapter.simple.AudioFocusManager.PLAYER_COMMAND_DO_NOT_PLAY, com.example.androidtvlibrary.main.adapter.simple.AudioFocusManager.PLAYER_COMMAND_WAIT_FOR_CALLBACK, com.example.androidtvlibrary.main.adapter.simple.AudioFocusManager.PLAYER_COMMAND_PLAY_WHEN_READY}" />
    </annotation>
  </item>
  <item name="com.example.androidtvlibrary.main.adapter.simple.DefaultDrmSessionManager void setMode(int, byte[]) 0">
    <annotation name="androidx.annotation.IntDef">
      <val name="value" val="{com.example.androidtvlibrary.main.adapter.simple.DefaultDrmSessionManager.MODE_PLAYBACK, com.example.androidtvlibrary.main.adapter.simple.DefaultDrmSessionManager.MODE_QUERY, com.example.androidtvlibrary.main.adapter.simple.DefaultDrmSessionManager.MODE_DOWNLOAD, com.example.androidtvlibrary.main.adapter.simple.DefaultDrmSessionManager.MODE_RELEASE}" />
    </annotation>
  </item>
  <item name="com.example.androidtvlibrary.main.adapter.simple.DefaultDrmSessionManager.Mode">
    <annotation name="androidx.annotation.IntDef">
      <val name="value" val="{com.example.androidtvlibrary.main.adapter.simple.DefaultDrmSessionManager.MODE_PLAYBACK, com.example.androidtvlibrary.main.adapter.simple.DefaultDrmSessionManager.MODE_QUERY, com.example.androidtvlibrary.main.adapter.simple.DefaultDrmSessionManager.MODE_DOWNLOAD, com.example.androidtvlibrary.main.adapter.simple.DefaultDrmSessionManager.MODE_RELEASE}" />
    </annotation>
  </item>
</root>

