<?xml version="1.0" encoding="UTF-8"?>
<root>
  <item name="com.example.androidtvlibrary.main.adapter.ads.AdsMediaSource.AdLoadException AdLoadException(int, java.lang.Exception) 0">
    <annotation name="androidx.annotation.IntDef">
      <val name="value" val="{com.example.androidtvlibrary.main.adapter.ads.AdsMediaSource.AdLoadException.TYPE_AD, com.example.androidtvlibrary.main.adapter.ads.AdsMediaSource.AdLoadException.TYPE_AD_GROUP, com.example.androidtvlibrary.main.adapter.ads.AdsMediaSource.AdLoadException.TYPE_ALL_ADS, com.example.androidtvlibrary.main.adapter.ads.AdsMediaSource.AdLoadException.TYPE_UNEXPECTED}" />
    </annotation>
  </item>
  <item name="com.example.androidtvlibrary.main.adapter.ads.AdsMediaSource.AdLoadException type">
    <annotation name="androidx.annotation.IntDef">
      <val name="value" val="{com.example.androidtvlibrary.main.adapter.ads.AdsMediaSource.AdLoadException.TYPE_AD, com.example.androidtvlibrary.main.adapter.ads.AdsMediaSource.AdLoadException.TYPE_AD_GROUP, com.example.androidtvlibrary.main.adapter.ads.AdsMediaSource.AdLoadException.TYPE_ALL_ADS, com.example.androidtvlibrary.main.adapter.ads.AdsMediaSource.AdLoadException.TYPE_UNEXPECTED}" />
    </annotation>
  </item>
  <item name="com.example.androidtvlibrary.main.adapter.ads.AdsMediaSource.AdLoadException.Type">
    <annotation name="androidx.annotation.IntDef">
      <val name="value" val="{com.example.androidtvlibrary.main.adapter.ads.AdsMediaSource.AdLoadException.TYPE_AD, com.example.androidtvlibrary.main.adapter.ads.AdsMediaSource.AdLoadException.TYPE_AD_GROUP, com.example.androidtvlibrary.main.adapter.ads.AdsMediaSource.AdLoadException.TYPE_ALL_ADS, com.example.androidtvlibrary.main.adapter.ads.AdsMediaSource.AdLoadException.TYPE_UNEXPECTED}" />
    </annotation>
  </item>
</root>

